url,slug,title,topic,status,score,word_count,h2_count,internal_link_count,source_signal_count,source_heading,flags
/blog/2025-muscle-building-research-smart-training,2025-muscle-building-research-smart-training,Resistance-Training Evidence Roundup: What Recent Studies Actually Say,programming,ready,90,642,8,2,11,yes,
/blog/ai-fitness-programming-algorithms-2026,ai-fitness-programming-algorithms-2026,"AI Fitness Programming: Recommendations, Data, and Limits",programming,ready,100,1032,10,5,3,yes,
/blog/air-pollution-muscle-building-outdoor-training,air-pollution-muscle-building-outdoor-training,Air Pollution and Outdoor Training: What Lifters Need to Know,health,ready,95,869,8,3,10,yes,
/blog/alcohol-muscle-growth-mtor-pathway-science,alcohol-muscle-growth-mtor-pathway-science,Alcohol and Muscle Growth: What It Can Change,health,ready,95,781,7,2,3,yes,
/blog/alpha-lipoic-acid-lifters-insulin,alpha-lipoic-acid-lifters-insulin,Alpha-Lipoic Acid for Lifters: What the Evidence Shows,product,ready,100,931,10,4,4,yes,
/blog/alternatives-to-rp-hypertrophy-app,alternatives-to-rp-hypertrophy-app,Alternatives to RP Hypertrophy App (2026): Best Options for Serious Lifters,product,ready,100,4286,29,5,4,yes,
/blog/anabolic-resistance-older-adults-2026,anabolic-resistance-older-adults-2026,Anabolic Resistance: Protein and Muscle in Older Adults,nutrition,ready,90,685,7,2,11,yes,
/blog/anabolic-window-myth-2025,anabolic-window-myth-2025,The Anabolic Window: Protein Timing Without the Panic,nutrition,ready,95,791,10,2,5,yes,
/blog/apply-hypertrophy-research-training-practical-guide,apply-hypertrophy-research-training-practical-guide,How to Apply Hypertrophy Research to Your Training,nutrition,ready,100,1110,13,3,11,yes,
/blog/ashwagandha-strength-training-supplement-science-2026,ashwagandha-strength-training-supplement-science-2026,Ashwagandha for Lifters: What the Exercise Evidence Shows,supplement,ready,95,898,9,3,9,yes,
/blog/astaxanthin-supplementation-athletes,astaxanthin-supplementation-athletes,Astaxanthin for Athletes: What Exercise Research Shows,product,ready,95,779,8,4,4,yes,
/blog/auto-progression-feature-muscle-growth,auto-progression-feature-muscle-growth,Auto-Progression: Turn Workout History Into a Next-Set Plan,product,ready,90,651,10,2,3,yes,
/blog/autoprogression-science-2026,autoprogression-science-2026,Autoprogression: How to Choose the Next Training Load,programming,ready,95,766,9,3,4,yes,
/blog/autoregulation-vs-traditional-training,autoregulation-vs-traditional-training,Autoregulation Versus Fixed Loading: What the Evidence Says,programming,ready,95,728,10,3,5,yes,
/blog/beetroot-juice-nitrates-muscle-performance,beetroot-juice-nitrates-muscle-performance,Beetroot Juice and Nitrates for Lifting: What the Evidence Shows,supplement,ready,90,668,9,3,5,yes,
/blog/bench-press-grip-width-chest-science,bench-press-grip-width-chest-science,"Bench-Press Grip Width: Strength, Comfort, and Trade-offs",health,ready,90,624,9,3,3,yes,
/blog/best-hypertrophy-app-ios-review,best-hypertrophy-app-ios-review,Best Hypertrophy App for iOS: What Serious Lifters Should Look For,product,ready,100,1150,9,4,4,yes,
/blog/best-supplements-strength-athletes,best-supplements-strength-athletes,Best Supplements for Strength Athletes: Evidence-Based Priorities,programming,ready,95,742,9,4,5,yes,
/blog/best-workout-app-hypertrophy-2026,best-workout-app-hypertrophy-2026,Best Workout App for Hypertrophy: Features That Actually Matter,product,ready,95,788,7,4,4,yes,
/blog/beta-alanine-strength-training-science-2026,beta-alanine-strength-training-science-2026,Beta-Alanine for Strength Training: Where It Fits,programming,ready,95,758,9,3,9,yes,
/blog/beta-ecdysterone-muscle-anabolic-research,beta-ecdysterone-muscle-anabolic-research,Beta-Ecdysterone for Muscle Growth: Research Review,supplement,ready,95,712,8,4,4,yes,
/blog/beta-ecdysterone-muscle-growth,beta-ecdysterone-muscle-growth,Beta-Ecdysterone for Muscle Growth: A Cautious Guide,supplement,legacy-redirect,100,753,9,4,4,yes,legacy-redirect -> beta-ecdysterone-muscle-anabolic-research
/blog/betaine-supplementation-strength-power-science,betaine-supplementation-strength-power-science,Betaine Supplementation: What the Strength Evidence Shows,supplement,ready,90,600,8,4,3,yes,
/blog/block-periodization-focused-training-phases,block-periodization-focused-training-phases,Block Periodization: When Focused Training Phases Make Sense,programming,ready,95,722,8,3,6,yes,
/blog/blood-biomarkers-lifters-guide-2026,blood-biomarkers-lifters-guide-2026,Blood Tests for Lifters: What They Can and Cannot Tell You,health,ready,100,1199,12,2,6,yes,
/blog/blood-flow-restriction-training-science,blood-flow-restriction-training-science,Blood-Flow-Restriction Training: What Light-Load Research Shows,programming,ready,95,787,8,3,6,yes,
/blog/blood-glucose-monitoring-lifters-cgm-muscle-building,blood-glucose-monitoring-lifters-cgm-muscle-building,Continuous Glucose Monitors for Lifters: What They Can Tell You,nutrition,ready,90,672,10,3,6,yes,
/blog/blood-pressure-resistance-training-lifting,blood-pressure-resistance-training-lifting,Blood Pressure and Resistance Training: A Safer Practical Guide,health,ready,95,760,10,2,7,yes,
/blog/body-recomposition-science-lose-fat-gain-muscle,body-recomposition-science-lose-fat-gain-muscle,Body Recomposition: Losing Fat While Building or Preserving Muscle,nutrition,ready,100,923,10,3,7,yes,
/blog/body-types-science-fitness-2026,body-types-science-fitness-2026,Body Types and Training: What Somatotypes Can—and Cannot—Predict,programming,ready,90,606,9,3,3,yes,
/blog/bodyweight-training-muscle-building-science,bodyweight-training-muscle-building-science,Can You Build Muscle Without Weights? A Practical Guide,programming,ready,100,924,8,2,3,yes,
/blog/bone-density-resistance-training-science,bone-density-resistance-training-science,Resistance Training and Bone Density: What the Evidence Supports,programming,ready,90,651,8,3,11,yes,
/blog/bpc-157-peptide-science-recovery-evidence,bpc-157-peptide-science-recovery-evidence,BPC-157 for Injury Recovery: What the Evidence Shows,supplement,ready,95,766,8,4,5,yes,
/blog/bracing-intra-abdominal-pressure-strength-science,bracing-intra-abdominal-pressure-strength-science,Bracing and Intra-Abdominal Pressure for Strength Training,health,ready,100,981,10,3,11,yes,
/blog/breathing-techniques-strength-training-science,breathing-techniques-strength-training-science,Breathing Techniques for Heavy Lifts: A Practical Evidence Guide,programming,ready,100,946,10,3,9,yes,
/blog/building-muscle-budget-protein-sources,building-muscle-budget-protein-sources,Building Muscle on a Budget: The Science of Cheap Protein Sources,nutrition,ready,100,1113,7,2,5,yes,
/blog/caffeine-pre-workout-science-2026,caffeine-pre-workout-science-2026,Caffeine and Pre-Workout: What the Evidence Supports,supplement,ready,90,604,9,4,3,yes,
/blog/calf-muscle-hypertrophy-training-science,calf-muscle-hypertrophy-training-science,Calf Muscle Growth: What Volume Research Actually Shows,programming,ready,95,732,8,2,4,yes,
/blog/carbohydrates-muscle-growth-science,carbohydrates-muscle-growth-science,"Carbohydrates for Muscle Growth: Glycogen, Performance, and Practical Intake",nutrition,ready,95,859,9,2,4,yes,
/blog/cardio-strength-athletes-science,cardio-strength-athletes-science,Cardio for Strength Athletes: Concurrent Training Without the Hype,programming,ready,90,631,8,3,6,yes,
/blog/chronotype-training-optimization,chronotype-training-optimization,Chronotype and Training Time: How Much Does It Matter?,programming,ready,90,510,7,3,7,yes,
/blog/circadian-rhythm-training-time-muscle-growth,circadian-rhythm-training-time-muscle-growth,"Training Time of Day: Circadian Rhythms, Strength, and Muscle Growth",programming,ready,90,518,7,3,5,yes,
/blog/circadian-training-timing-muscle-growth,circadian-training-timing-muscle-growth,Morning or Evening Training: Does Timing Affect Muscle Growth?,programming,ready,90,580,8,3,7,yes,
/blog/citrulline-malate-pre-workout-science-2026,citrulline-malate-pre-workout-science-2026,Citrulline Malate: What the Pre-Workout Evidence Shows,supplement,ready,90,542,8,4,3,yes,
/blog/citrulline-supplementation-strength-training,citrulline-supplementation-strength-training,Citrulline for Strength Training: What the Pump Evidence Shows,supplement,ready,90,528,8,4,3,yes,
/blog/cluster-sets-hypertrophy-2026,cluster-sets-hypertrophy-2026,"Cluster Sets: A Way to Redistribute Rest, Not a Guaranteed Growth Upgrade",programming,ready,90,670,7,2,7,yes,
/blog/co2-tolerance-training-strength-lifts,co2-tolerance-training-strength-lifts,CO2 Tolerance and Strength Training: What Breathing Practice Can Do,programming,ready,100,969,9,3,9,yes,
/blog/cold-water-immersion-muscle-growth-science-2026,cold-water-immersion-muscle-growth-science-2026,Cold-Water Immersion and Muscle Growth: Separate Soreness from Adaptation,product,ready,90,596,7,3,7,yes,
/blog/collagen-peptides-muscle-tendon-stiffness-2025,collagen-peptides-muscle-tendon-stiffness-2025,Collagen Peptides for Tendons: What the Evidence Shows,supplement,ready,95,731,7,3,8,yes,
/blog/complete-guide-muscle-building-2026,complete-guide-muscle-building-2026,How to Build Muscle: A Practical Starting Plan,nutrition,ready,100,1088,9,2,4,yes,
/blog/compound-vs-isolation-hypertrophy-science,compound-vs-isolation-hypertrophy-science,Compound vs Isolation Exercises for Hypertrophy: How to Choose,product,ready,90,668,7,2,5,yes,
/blog/concurrent-training-interference-effect-2026,concurrent-training-interference-effect-2026,Concurrent Strength and Hypertrophy Training: How to Combine Goals,programming,ready,95,788,8,3,6,yes,
/blog/coq10-strength-athletes-mitochondria,coq10-strength-athletes-mitochondria,CoQ10 for Strength Athletes: What the Evidence Shows,supplement,ready,90,500,7,4,3,yes,
/blog/cortisol-muscle-growth-stress-hormone,cortisol-muscle-growth-stress-hormone,"Cortisol, Stress, and Muscle Growth: What Lifters Should Know",health,ready,90,632,9,3,7,yes,
/blog/creatine-caffeine-interaction-muscle-science,creatine-caffeine-interaction-muscle-science,Creatine and Caffeine: Do They Cancel Each Other Out?,supplement,ready,90,585,8,4,3,yes,
/blog/creatine-loading-phase-necessary-research,creatine-loading-phase-necessary-research,Creatine Loading Phase: What the Research Says,supplement,ready,95,873,9,3,7,yes,
/blog/creatine-loading-phase-necessary,creatine-loading-phase-necessary,Creatine Loading Phase: Necessary or Not?,supplement,legacy-redirect,100,133,1,1,3,yes,legacy-redirect -> creatine-loading-phase-necessary-research
/blog/creatine-monohydrate-science-2026,creatine-monohydrate-science-2026,"Creatine Monohydrate: Benefits, Loading, Safety, and Limits",supplement,ready,95,743,9,4,5,yes,
/blog/creatine-science-2025,creatine-science-2025,The Science of Creatine: What 2025 Research Really Says,supplement,legacy-redirect,100,926,9,2,3,yes,legacy-redirect -> creatine-monohydrate-science-2026
/blog/daily-readiness-training-wearable-data,daily-readiness-training-wearable-data,Daily Readiness Training: How to Use Wearable Data Without Overfitting,health,ready,100,979,8,3,6,yes,
/blog/daily-steps-muscle-growth-science-2026,daily-steps-muscle-growth-science-2026,"Daily Steps, Recovery, and Muscle Growth: What We Can Actually Say",product,ready,90,652,7,3,6,yes,
/blog/deload-weeks-muscle-science,deload-weeks-muscle-science,Deload Weeks: When Reduced Training May Help,programming,ready,95,721,8,3,6,yes,
/blog/dileucine-supplement-muscle-protein-synthesis-research,dileucine-supplement-muscle-protein-synthesis-research,Dileucine and Muscle Protein Synthesis: What One Trial Shows,supplement,ready,90,506,7,4,3,yes,
/blog/drop-sets-intensity-techniques-science,drop-sets-intensity-techniques-science,Drop Sets and Intensity Techniques: What They Add,product,ready,90,676,8,3,5,yes,
/blog/dynamic-warm-up-strength-training-science,dynamic-warm-up-strength-training-science,Dynamic Warm-Ups for Strength Training: What They Can Do,health,ready,90,665,7,3,7,yes,
/blog/eccentric-overload-training-muscle-growth-2026,eccentric-overload-training-muscle-growth-2026,Eccentric Overload Training: What It May Add to Hypertrophy,programming,ready,95,706,8,2,5,yes,
/blog/effective-training-volume-quality-not-quantity,effective-training-volume-quality-not-quantity,Why Not All Sets Are Equal: The Science of Effective Training Volume,programming,ready,95,851,7,2,3,yes,
/blog/electrical-muscle-stimulation-ems-training-hypertrophy,electrical-muscle-stimulation-ems-training-hypertrophy,Electrical Muscle Stimulation for Hypertrophy: What It Can and Cannot Do,programming,ready,90,672,9,3,7,yes,
/blog/epicatechin-cocoa-flavanol-muscle-growth,epicatechin-cocoa-flavanol-muscle-growth,Epicatechin: The Cocoa Flavanol for Muscle Growth,health,ready,100,1308,8,2,4,yes,
/blog/estrogen-muscle-building-hormone-science,estrogen-muscle-building-hormone-science,Estrogen and Muscle: What Lifters Can Actually Conclude,health,ready,95,704,9,3,11,yes,
/blog/exercise-biomechanics-grip-stance-leverage,exercise-biomechanics-grip-stance-leverage,"Exercise Biomechanics: Grip, Stance, Leverage, and Muscle Demand",product,ready,100,903,9,3,14,yes,
/blog/exercise-order-hypertrophy-programming,exercise-order-hypertrophy-programming,Exercise Order: The Programming Variable Nobody Talks About,programming,ready,100,991,9,2,3,yes,
/blog/exercise-order-pre-exhaustion-science,exercise-order-pre-exhaustion-science,Pre-Exhaustion and Exercise Order: What the Evidence Supports,programming,ready,90,636,7,2,4,yes,
/blog/exercise-snacking-muscle-science-2026,exercise-snacking-muscle-science-2026,Exercise Snacking: Can Short Resistance Bouts Still Help?,programming,ready,90,554,7,2,5,yes,
/blog/exercise-variation-muscle-growth-rotation,exercise-variation-muscle-growth-rotation,Exercise Variation and Muscle Growth: When to Change a Lift,product,ready,95,780,9,2,4,yes,
/blog/exerkines-muscle-signaling-molecules-2026,exerkines-muscle-signaling-molecules-2026,Exerkines and Myokines: What Exercise Signals Can—and Cannot—Tell You,health,ready,95,740,8,3,8,yes,
/blog/fasted-vs-fed-training-2025-research,fasted-vs-fed-training-2025-research,Fasted vs Fed Training: What the 2025 Meta-Analysis Found,nutrition,ready,95,807,7,2,3,yes,
/blog/fasted-vs-fed-training-muscle-growth-2026,fasted-vs-fed-training-muscle-growth-2026,Fasted vs Fed Training: A Practical Guide to Meal Timing,nutrition,ready,100,923,8,2,3,yes,
/blog/foam-rolling-recovery-science-2025,foam-rolling-recovery-science-2025,Foam Rolling for Recovery: What the Evidence Supports,health,ready,90,668,8,2,9,yes,
/blog/forearm-hypertrophy-training-science,forearm-hypertrophy-training-science,The Science of Forearm Hypertrophy: What Actually Works,programming,ready,100,1089,8,2,4,yes,
/blog/glp-1-muscle-preservation-science-2026,glp-1-muscle-preservation-science-2026,GLP-1 Medicines and Muscle Preservation During Weight Loss,health,ready,95,775,9,3,9,yes,
/blog/glycine-supplementation-lifters-science,glycine-supplementation-lifters-science,"Glycine for Lifters: Sleep, Collagen Biology, and Evidence Limits",supplement,ready,90,630,8,3,7,yes,
/blog/grip-strength-longevity-muscle-building-2026,grip-strength-longevity-muscle-building-2026,"Grip Strength, Training, and Longevity: What the Metric Means",programming,ready,90,598,7,3,6,yes,
/blog/gut-microbiome-muscle-building-probiotics-2026,gut-microbiome-muscle-building-probiotics-2026,Gut Microbiome and Muscle Building: What Lifters Need to Know,supplement,legacy-redirect,100,1124,9,2,3,yes,legacy-redirect -> gut-muscle-axis-microbiome-muscle-building
/blog/gut-microbiome-muscle-growth-science,gut-microbiome-muscle-growth-science,The Gut-Muscle Axis: How Your Microbiome Affects Muscle Growth,programming,legacy-redirect,100,1132,7,2,3,yes,legacy-redirect -> gut-muscle-axis-microbiome-muscle-building
/blog/gut-muscle-axis-microbiome-muscle-building,gut-muscle-axis-microbiome-muscle-building,The Gut-Muscle Axis: What Microbiome Research Can—and Cannot—Tell Lifters,product,ready,95,735,7,3,6,yes,
/blog/gym-gloves-vs-bare-hand-forearm-science,gym-gloves-vs-bare-hand-forearm-science,Gym Gloves vs Bare Hands: What the Science Says About Grip and Forearm Growth,product,ready,100,937,8,2,4,yes,
/blog/heat-shock-proteins-muscle-growth-2026,heat-shock-proteins-muscle-growth-2026,"Heat Shock Proteins, Sauna, and Muscle: What the Evidence Shows",programming,ready,90,671,8,3,9,yes,
/blog/heat-training-muscle-growth-science-2026,heat-training-muscle-growth-science-2026,Heat Training and Muscle Growth: What We Actually Know,product,ready,90,679,7,2,8,yes,
/blog/hevy-import-guide,hevy-import-guide,Hevy Import Guide: How to Move Workout History Into a Better Hypertrophy Tracker,product,ready,95,764,9,3,4,yes,
/blog/hgh-boosters-natural-compounds-lifters,hgh-boosters-natural-compounds-lifters,Natural HGH Boosters: What Lifters Should Know,supplement,ready,90,576,8,4,3,yes,
/blog/hmb-supplementation-muscle-building-2026,hmb-supplementation-muscle-building-2026,HMB for Muscle: Who Might Benefit and What Is Uncertain,supplement,ready,90,660,7,3,7,yes,
/blog/hmb-supplementation-strength-athletes,hmb-supplementation-strength-athletes,HMB for Strength Athletes: What the Evidence Shows,supplement,ready,90,560,8,4,4,yes,
/blog/how-to-progress-gym-framework,how-to-progress-gym-framework,How to Progress in the Gym: A Science-Based Framework,programming,ready,90,630,7,4,4,yes,
/blog/hrv-training-optimization-science-2026,hrv-training-optimization-science-2026,Heart Rate Variability and Training: How to Use the Signal Carefully,health,ready,100,931,8,3,6,yes,
/blog/hydration-electrolytes-muscle-building-science,hydration-electrolytes-muscle-building-science,Hydration and Electrolytes for Lifters: A Practical Evidence-Based Guide,nutrition,ready,100,1076,9,3,5,yes,
/blog/hypertrophy-app-vs-generic-tracker,hypertrophy-app-vs-generic-tracker,Hypertrophy App vs Generic Workout Tracker: What Actually Matters,product,ready,95,851,11,4,4,yes,
/blog/hypertrophy-training-muscle-oxidative-capacity-endurance,hypertrophy-training-muscle-oxidative-capacity-endurance,Hypertrophy Training and Muscle Oxidative Capacity: What High-Repetition Work Adds,programming,ready,90,613,7,2,5,yes,
/blog/hypertrophy-training-myths-2026,hypertrophy-training-myths-2026,Hypertrophy Training Myths: What the Evidence Actually Says,nutrition,ready,95,829,12,3,14,yes,
/blog/immune-cell-muscle-repair-discovery-2026,immune-cell-muscle-repair-discovery-2026,Macrophages and Muscle Repair: What the New Study Found,product,ready,95,867,9,2,4,yes,
/blog/import-hevy-to-surpass,import-hevy-to-surpass,Import Hevy to Surpass: Move Your Workout History Without Starting Over,product,ready,95,711,9,5,4,yes,
/blog/influencer-training-programs-science-analysis,influencer-training-programs-science-analysis,Influencer Training Programs: How to Read the Claims,programming,ready,95,853,9,2,5,yes,
/blog/insulin-muscle-building-science,insulin-muscle-building-science,Insulin and Muscle Building: What Lifters Need to Know,nutrition,ready,100,1008,9,4,11,yes,
/blog/inter-set-stretching-muscle-growth-science,inter-set-stretching-muscle-growth-science,Inter-Set Stretching for Muscle Growth: What We Know,product,ready,95,831,8,2,6,yes,
/blog/intermittent-fasting-muscle-building-research-2026,intermittent-fasting-muscle-building-research-2026,Intermittent Fasting and Muscle Building: What the Evidence Supports,nutrition,ready,95,780,8,4,9,yes,
/blog/ischemic-preconditioning-strength-lifts-blood-flow,ischemic-preconditioning-strength-lifts-blood-flow,"Ischemic Preconditioning for Lifting: An Acute Experiment, Not a Blood-Flow Hack",product,ready,90,634,8,3,7,yes,
/blog/isometric-training-muscle-growth-science,isometric-training-muscle-growth-science,"Isometric Training for Strength, Muscle, and Tendons",programming,ready,90,602,7,3,8,yes,
/blog/isometric-training-tendon-strength-muscle,isometric-training-tendon-strength-muscle,Isometric Training for Strength and Tendon Loading,programming,ready,95,864,9,2,6,yes,
/blog/jeff-nippard-muscle-lab-fitness-research-facility-2026,jeff-nippard-muscle-lab-fitness-research-facility-2026,Jeff Nippard's Muscle Lab: What a Private Fitness Facility Can—and Cannot—Prove,programming,ready,95,853,10,2,6,yes,
/blog/jeff-nippard-science-based-fitness-movement,jeff-nippard-science-based-fitness-movement,Jeff Nippard and Science-Based Fitness: How to Evaluate the Claims,product,ready,95,811,9,2,6,yes,
/blog/jeff-nippard-vs-mike-mentzer-training-philosophy,jeff-nippard-vs-mike-mentzer-training-philosophy,Jeff Nippard vs Mike Mentzer: The Training Philosophy Battle Explained,programming,ready,100,1078,8,2,4,yes,
/blog/keto-diet-strength-training-muscle-building-2026,keto-diet-strength-training-muscle-building-2026,"Keto and Strength Training: Muscle, Performance, and Trade-offs",nutrition,ready,95,750,8,3,7,yes,
/blog/kettlebell-training-hypertrophy-muscle-building,kettlebell-training-hypertrophy-muscle-building,Kettlebell Training for Hypertrophy: How to Build Muscle with a Bell,programming,ready,100,935,10,3,6,yes,
/blog/knee-health-squat-science-protecting-joints,knee-health-squat-science-protecting-joints,"Knee Health for Lifters: Squats, Pain, and Load Management",health,ready,100,1022,10,2,6,yes,
/blog/l-carnitine-supplementation-strength-hypertrophy,l-carnitine-supplementation-strength-hypertrophy,L-Carnitine for Strength Athletes: What the Research Shows,supplement,ready,90,507,8,4,3,yes,
/blog/lean-pork-muscle-protein-synthesis-2025,lean-pork-muscle-protein-synthesis-2025,Lean vs High-Fat Pork After Training: What One Acute Study Shows,nutrition,ready,95,703,8,3,4,yes,
/blog/lean-vs-fatty-meat-2025-research,lean-vs-fatty-meat-2025-research,Lean vs Fatty Meat: The Surprising 2025 Research That Changes Everything,nutrition,legacy-redirect,100,763,7,2,15,yes,legacy-redirect -> lean-pork-muscle-protein-synthesis-2025
/blog/lifting-joint-pain-arthritis-science,lifting-joint-pain-arthritis-science,Lifting with Joint Pain or Arthritis: A Safer Evidence-Based Framework,health,ready,95,847,8,2,5,yes,
/blog/lifting-straps-gains-guide,lifting-straps-gains-guide,Lifting Straps: When They Help and What They Do Not Replace,product,ready,90,643,8,2,5,yes,
/blog/light-vs-heavy-weights-2025-research,light-vs-heavy-weights-2025-research,Light Weights vs. Heavy Weights for Muscle and Strength,product,ready,90,613,7,3,9,yes,
/blog/liver-muscle-axis-gains,liver-muscle-axis-gains,The Liver-Muscle Axis: Physiology Without the “Hidden Gains” Claim,product,ready,95,713,7,3,6,yes,
/blog/load-tempo-equivalence-2025-research,load-tempo-equivalence-2025-research,Load and Repetition Tempo: What Actually Matters for Hypertrophy,product,ready,90,582,7,3,8,yes,
/blog/load-vs-reps-progressive-overload,load-vs-reps-progressive-overload,Load vs Reps: How to Progress Resistance Training,programming,ready,90,698,7,2,7,yes,
/blog/local-igf-1-muscle-growth-factors,local-igf-1-muscle-growth-factors,Local IGF-1 and Muscle Growth: What the Human Evidence Shows,health,ready,95,743,7,2,6,yes,
/blog/longitudinal-hypertrophy-mtor-independent-pathway,longitudinal-hypertrophy-mtor-independent-pathway,Mechanotransduction and Muscle Growth: What the Biology Can Tell Lifters,nutrition,ready,95,719,8,3,8,yes,
/blog/machines-vs-free-weights-2025-research,machines-vs-free-weights-2025-research,Machines vs Free Weights: What the Evidence Actually Says,product,ready,95,717,9,3,4,yes,
/blog/magnesium-strength-training-mineral-gains,magnesium-strength-training-mineral-gains,Magnesium and Strength Training: What Lifters Need to Know,supplement,ready,95,769,9,2,3,yes,
/blog/magnesium-supplementation-strength-athletes,magnesium-supplementation-strength-athletes,Magnesium for Strength Athletes: What the Evidence Shows,supplement,ready,90,549,8,4,3,yes,
/blog/mechanical-tension-vs-muscle-damage-growth,mechanical-tension-vs-muscle-damage-growth,"Why Mechanical Tension, Not Muscle Damage, Drives Growth: The Science",programming,ready,95,715,7,2,4,yes,
/blog/mechanotransduction-muscle-cells-feel-weight,mechanotransduction-muscle-cells-feel-weight,Mechanotransduction: How Muscle Cells Sense Resistance,supplement,ready,90,647,7,2,5,yes,
/blog/melatonin-muscle-recovery-lifters-science,melatonin-muscle-recovery-lifters-science,Melatonin for Lifters: What the Exercise Evidence Actually Shows,supplement,ready,90,659,8,3,7,yes,
/blog/menstrual-cycle-training-muscle-growth,menstrual-cycle-training-muscle-growth,Menstrual Cycle Training: Does Timing Matter for Muscle Growth?,programming,ready,90,619,7,2,4,yes,
/blog/mental-fatigue-training-performance-cns,mental-fatigue-training-performance-cns,Mental Fatigue and Resistance Training: What It Can Change,programming,ready,90,649,7,3,8,yes,
/blog/mental-rehearsal-visualization-strength-gains,mental-rehearsal-visualization-strength-gains,"Mental Imagery for Strength: A Skill Aid, Not a Muscle-Building Substitute",programming,ready,90,655,7,3,5,yes,
/blog/metabolic-stress-lactate-muscle-growth-2026,metabolic-stress-lactate-muscle-growth-2026,Metabolic Stress and Lactate: What It Means for Muscle Growth,programming,ready,90,690,8,3,9,yes,
/blog/metabolic-stress-vs-mechanical-tension,metabolic-stress-vs-mechanical-tension,Metabolic Stress vs Mechanical Tension: How to Use the Concepts,programming,ready,90,597,7,2,6,yes,
/blog/mike-mentzer-heavy-duty-training-science-2026,mike-mentzer-heavy-duty-training-science-2026,Mike Mentzer's Heavy Duty Training: What Can It Do in 2026?,programming,ready,95,852,8,2,4,yes,
/blog/mike-mentzer-high-intensity-training-2026,mike-mentzer-high-intensity-training-2026,Mike Mentzer's High-Intensity Training: What the Evidence Can Support,programming,ready,95,790,9,2,5,yes,
/blog/mind-muscle-connection-science-gains,mind-muscle-connection-science-gains,Mind-Muscle Connection: The Science Behind Thinking Your Way to Bigger Gains,programming,legacy-redirect,100,1246,9,2,4,yes,legacy-redirect -> mind-muscle-connection-science
/blog/mind-muscle-connection-science-hypertrophy,mind-muscle-connection-science-hypertrophy,Mind-Muscle Connection: Science or Snake Oil?,product,ready,100,1036,10,2,4,yes,
/blog/mind-muscle-connection-science,mind-muscle-connection-science,The Mind-Muscle Connection: What Attention Can and Cannot Do,programming,ready,90,515,6,2,6,yes,
/blog/minimum-effective-dose-muscle-growth-2026,minimum-effective-dose-muscle-growth-2026,Minimum Effective Dose for Muscle Growth: How to Find Your Starting Point,programming,ready,95,894,9,3,7,yes,
/blog/mitochondrial-dynamics-muscle-growth-hypertrophy,mitochondrial-dynamics-muscle-growth-hypertrophy,"Mitochondria, Resistance Training, and Muscle Growth: What We Know",programming,ready,90,674,7,2,6,yes,
/blog/motor-unit-recruitment-rate-coding-neural-strength,motor-unit-recruitment-rate-coding-neural-strength,Motor-Unit Recruitment and Rate Coding: How Strength Adapts,programming,ready,90,663,7,2,5,yes,
/blog/mtor-leucine-threshold-2026,mtor-leucine-threshold-2026,mTOR and Leucine: What the Muscle-Building Signal Really Tells You,nutrition,ready,90,586,6,2,9,yes,
/blog/muscle-architecture-hypertrophy-science,muscle-architecture-hypertrophy-science,Muscle Architecture and Hypertrophy: What It Can Explain,product,ready,90,593,7,3,8,yes,
/blog/muscle-building-non-responders-science,muscle-building-non-responders-science,"When Muscle Growth Seems Stalled: Measurement, Training, and Individual Response",programming,ready,95,717,6,3,8,yes,
/blog/muscle-cramps-lifting-science-prevention,muscle-cramps-lifting-science-prevention,Muscle Cramps During Lifting: What May Help and When to Get Help,supplement,ready,95,724,7,3,7,yes,
/blog/muscle-damage-doms-hypertrophy-science-2026,muscle-damage-doms-hypertrophy-science-2026,Muscle Damage and DOMS: What Soreness Does—and Does Not—Mean,product,ready,90,656,7,2,8,yes,
/blog/muscle-fiber-types-training-specificity,muscle-fiber-types-training-specificity,Muscle Fiber Types and Training: What Specificity Really Means,programming,ready,90,686,8,2,5,yes,
/blog/muscle-glycogen-supercompensation-carb-loading,muscle-glycogen-supercompensation-carb-loading,Muscle Glycogen and Resistance Training: What Carbohydrate Timing Can Do,nutrition,ready,100,901,9,3,7,yes,
/blog/muscle-group-training-frequency-optimal,muscle-group-training-frequency-optimal,How Often Should You Train Each Muscle Group?,programming,ready,90,567,7,2,7,yes,
/blog/muscle-growth-timeline-2026,muscle-growth-timeline-2026,The Muscle-Growth Timeline: From a Workout to Adaptation,product,ready,90,568,7,3,7,yes,
/blog/muscle-memory-detraining-science-2026,muscle-memory-detraining-science-2026,Muscle Memory: The Science of Losing Gains (And Getting Them Back Faster),programming,legacy-redirect,100,899,9,2,3,yes,legacy-redirect -> muscle-memory-myonuclei-retention-science
/blog/muscle-memory-hypertrophy-detraining-science,muscle-memory-hypertrophy-detraining-science,Muscle Memory After Detraining: What the Science Shows,product,legacy-redirect,100,785,6,2,3,yes,legacy-redirect -> muscle-memory-myonuclei-retention-science
/blog/muscle-memory-myonuclei-retention-science,muscle-memory-myonuclei-retention-science,Muscle Memory and Myonuclei: What Training May Retain,programming,ready,95,781,7,3,4,yes,
/blog/muscle-memory-science-gains-faster,muscle-memory-science-gains-faster,Muscle Memory: Why Your Gains Come Back Faster,product,legacy-redirect,100,938,9,2,3,yes,legacy-redirect -> muscle-memory-myonuclei-retention-science
/blog/muscle-memory-science-gains,muscle-memory-science-gains,Muscle Memory: The Science Behind Why Your Gains Stick,programming,legacy-redirect,100,936,7,2,3,yes,legacy-redirect -> muscle-memory-myonuclei-retention-science
/blog/muscle-protein-synthesis-refractory-period,muscle-protein-synthesis-refractory-period,The MPS Refractory Period: Why the 3–4 Hour Rule Is Not a Law,nutrition,ready,90,681,6,2,12,yes,
/blog/muscle-pump-myth-2026,muscle-pump-myth-2026,The Muscle Pump Myth: What Science Actually Says,product,ready,100,937,9,2,4,yes,
/blog/muscle-quality-echogenicity-ultrasound-gains,muscle-quality-echogenicity-ultrasound-gains,Muscle Quality and Ultrasound: What Echogenicity Can Show,programming,ready,95,892,10,2,6,yes,
/blog/music-strength-training-performance-science,music-strength-training-performance-science,Music and Strength Training: What the Evidence Supports,programming,ready,95,813,8,2,5,yes,
/blog/myo-reps-rest-pause-training-efficiency,myo-reps-rest-pause-training-efficiency,"Myo-Reps and Rest-Pause Training: Efficient Tools, Not Magic",programming,ready,95,800,8,4,4,yes,
/blog/myokines-muscle-endocrine-organ,myokines-muscle-endocrine-organ,Myokines and Exerkines: What Muscle-Signalling Research Actually Shows,health,ready,90,666,7,3,5,yes,
/blog/myostatin-muscle-growth-genetic-limits,myostatin-muscle-growth-genetic-limits,Myostatin and Muscle Growth: What Lifters Can and Cannot Infer,supplement,ready,95,763,8,3,4,yes,
/blog/nac-supplementation-exercise-performance,nac-supplementation-exercise-performance,NAC for Exercise Performance: What the Evidence Shows,supplement,ready,90,528,7,4,3,yes,
/blog/napping-muscle-recovery-growth-hormone-science,napping-muscle-recovery-growth-hormone-science,Napping for Training Recovery: What the Evidence Supports,health,ready,90,566,6,2,9,yes,
/blog/neck-training-lifters-strength-aesthetics,neck-training-lifters-strength-aesthetics,Neck Training for Lifters: A Conservative Evidence-Based Guide,health,ready,95,741,8,3,6,yes,
/blog/neuromuscular-efficiency-nervous-system-recruitment,neuromuscular-efficiency-nervous-system-recruitment,Neural Adaptations to Resistance Training: What Changes Before Muscle Size,programming,ready,95,724,8,3,5,yes,
/blog/nicotinamide-riboside-nad-muscle-health,nicotinamide-riboside-nad-muscle-health,Nicotinamide Riboside and Muscle Health: What NAD+ Research Shows,product,ready,90,635,8,3,7,yes,
/blog/omega-3-fatty-acids-muscle-growth-2026,omega-3-fatty-acids-muscle-growth-2026,"Omega-3s and Muscle Growth: Strength Signals, Not a Hypertrophy Shortcut",supplement,ready,90,536,7,3,5,yes,
/blog/optimal-set-volume-2025-research,optimal-set-volume-2025-research,Training Volume Per Session: Why There Is No Universal 16-Set Limit,programming,ready,90,581,8,2,5,yes,
/blog/optimal-workout-duration-2026,optimal-workout-duration-2026,How Long Should a Workout Last for Muscle Growth?,programming,ready,95,882,9,3,7,yes,
/blog/periodization-dup-vs-linear-2026,periodization-dup-vs-linear-2026,Daily Undulating Periodization vs Linear Periodization: What the Science Says in 2026,programming,ready,100,1044,8,2,3,yes,
/blog/photobiomodulation-low-level-laser-therapy-muscle-science,photobiomodulation-low-level-laser-therapy-muscle-science,Photobiomodulation for Lifters: What Low-Level Light Studies Actually Show,product,ready,95,737,8,2,5,yes,
/blog/plateaus-break-through-muscle,plateaus-break-through-muscle,Plateaus: Why You Stopped Growing (And How to Break Through),programming,ready,90,592,7,2,4,yes,
/blog/post-activation-potentiation-pap-strength-science,post-activation-potentiation-pap-strength-science,PAP and PAPE: What Heavy Warm-Ups Can—and Cannot—Do,product,ready,90,624,7,3,4,yes,
/blog/pqq-supplementation-mitochondrial-muscle-health,pqq-supplementation-mitochondrial-muscle-health,PQQ for Muscle Health: What Human Evidence Shows,supplement,ready,90,506,7,4,3,yes,
/blog/pre-sleep-protein-casein-muscle-growth-2026,pre-sleep-protein-casein-muscle-growth-2026,Pre-Sleep Protein: What Casein Can—and Cannot—Add,health,ready,95,712,9,3,6,yes,
/blog/pre-workout-meal-science-fueling-training,pre-workout-meal-science-fueling-training,Pre-Workout Meals: How to Fuel Resistance Training Without a Magic Window,nutrition,ready,100,981,9,3,8,yes,
/blog/pre-workout-protein-science-2026,pre-workout-protein-science-2026,Pre-Workout Protein and Muscle Growth: Timing in Context,nutrition,ready,100,959,10,3,8,yes,
/blog/progress-stalled-hidden-factors-beyond-programming,progress-stalled-hidden-factors-beyond-programming,Why Progress Stalls: A Practical Audit Beyond Programming,programming,ready,95,863,10,2,5,yes,
/blog/progressive-overload-app-works,progressive-overload-app-works,Progressive Overload App: Why Most Apps Fail and What Works,programming,ready,100,1035,10,4,5,yes,
/blog/progressive-overload-beyond-adding-weight,progressive-overload-beyond-adding-weight,Progressive Overload: More Than Adding Weight,programming,ready,95,758,8,3,5,yes,
/blog/progressive-overload-muscle-building,progressive-overload-muscle-building,Progressive Overload: How to Progress Without Guessing,programming,ready,90,626,7,2,4,yes,
/blog/protein-distribution-muscle-protein-synthesis,protein-distribution-muscle-protein-synthesis,Protein Distribution: How to Spread Intake Without Chasing a Timer,nutrition,ready,90,586,7,2,11,yes,
/blog/protein-muscle-growth-guide,protein-muscle-growth-guide,Protein and Muscle Growth: A Practical Guide,nutrition,ready,90,621,9,3,4,yes,
/blog/protein-optimization-muscle-growth,protein-optimization-muscle-growth,"Protein for Muscle Growth: Amount, Meals, and Timing",health,ready,95,893,11,3,8,yes,
/blog/protein-quality-pdcaas-diaas-muscle-growth,protein-quality-pdcaas-diaas-muscle-growth,"Protein Quality, PDCAAS, and DIAAS: What the Scores Can Tell You",nutrition,ready,90,615,6,2,8,yes,
/blog/proximity-to-failure-hypertrophy-2026,proximity-to-failure-hypertrophy-2026,Load and Proximity to Failure: How to Choose Effort for Hypertrophy,programming,ready,90,645,7,4,4,yes,
/blog/psychology-muscle-building-habits,psychology-muscle-building-habits,The Psychology of Consistency: Building Training Habits,programming,legacy-redirect,100,839,8,3,5,yes,legacy-redirect -> psychology-muscle-building-mindset-habits
/blog/psychology-muscle-building-mindset-habits,psychology-muscle-building-mindset-habits,The Psychology of Muscle Building: Habits That Make Training Repeatable,programming,ready,95,762,11,3,5,yes,
/blog/rear-delt-training-neglected-muscle,rear-delt-training-neglected-muscle,Rear Delt Training: The Neglected Muscle That's Holding Back Your Physique,programming,ready,100,1021,9,2,4,yes,
/blog/recovery-technologies-muscle-building-science,recovery-technologies-muscle-building-science,Recovery Technologies for Lifters: What Helps and What Is Mostly Hype,health,ready,95,705,7,3,9,yes,
/blog/red-light-therapy-muscle-growth-science,red-light-therapy-muscle-growth-science,Red Light Therapy for Muscle Growth: How to Read the Evidence,product,ready,95,790,8,2,5,yes,
/blog/rep-range-myth-muscle-growth-failure,rep-range-myth-muscle-growth-failure,Rep Ranges and Muscle Growth: What Matters More Than 8–12,programming,ready,95,750,8,2,5,yes,
/blog/resistance-bands-hypertrophy-muscle-growth-science,resistance-bands-hypertrophy-muscle-growth-science,Resistance Bands for Muscle Growth: What the Evidence Supports,programming,ready,95,798,9,3,4,yes,
/blog/resistance-training-hypoxia-altitude-muscle-growth,resistance-training-hypoxia-altitude-muscle-growth,Resistance Training in Hypoxia: Does Training at Altitude Build More Muscle?,programming,ready,90,686,6,2,4,yes,
/blog/resistance-training-mental-health-brain-aging-2026,resistance-training-mental-health-brain-aging-2026,Resistance Training and Mental Health: What the Evidence Supports,health,ready,90,635,7,3,8,yes,
/blog/rest-intervals-hypertrophy-science,rest-intervals-hypertrophy-science,Rest Intervals for Hypertrophy: How Long Should You Wait?,programming,ready,90,578,7,2,9,yes,
/blog/rest-periods-hypertrophy-science,rest-periods-hypertrophy-science,Rest Periods for Hypertrophy: How Long to Rest Between Sets,programming,ready,100,951,10,2,4,yes,
/blog/rpe-vs-rir-autoregulation-2025,rpe-vs-rir-autoregulation-2025,RPE vs RIR vs Percentage-Based Training: A Practical Autoregulation Guide,programming,ready,90,663,7,4,4,yes,
/blog/sarcoplasmic-vs-myofibrillar-hypertrophy-science-2026,sarcoplasmic-vs-myofibrillar-hypertrophy-science-2026,Sarcoplasmic vs Myofibrillar Hypertrophy: What the Evidence Shows,programming,ready,90,635,7,2,5,yes,
/blog/satellite-cells-muscle-growth-science,satellite-cells-muscle-growth-science,Satellite Cells and Muscle Growth: What Human Research Shows,programming,ready,90,659,8,3,8,yes,
/blog/sauna-muscle-recovery-lifters-science,sauna-muscle-recovery-lifters-science,Sauna Use for Lifters: Heat Therapy for Muscle Growth and Recovery,product,ready,95,779,7,2,4,yes,
/blog/sleep-deprivation-muscle-protein-synthesis,sleep-deprivation-muscle-protein-synthesis,Sleep Loss and Muscle Growth: What the Evidence Actually Shows,health,ready,100,1020,8,2,6,yes,
/blog/sleep-growth-hormone-brain-circuits-2026,sleep-growth-hormone-brain-circuits-2026,"Sleep, Growth Hormone, and Muscle: What the Research Shows",health,ready,90,543,7,2,8,yes,
/blog/sleep-growth-hormone-circuit-2025,sleep-growth-hormone-circuit-2025,The Sleep-Muscle Connection: 2025 Research on How Sleep Builds Muscle,health,legacy-redirect,100,836,7,2,3,yes,legacy-redirect -> sleep-growth-hormone-brain-circuits-2026
/blog/sleep-growth-hormone-circuit-muscle-building-2025,sleep-growth-hormone-circuit-muscle-building-2025,"Sleep, Growth Hormone, and Muscle: What the Research Shows",health,legacy-redirect,100,994,8,2,3,yes,legacy-redirect -> sleep-growth-hormone-brain-circuits-2026
/blog/sleep-hormones-muscle-growth,sleep-hormones-muscle-growth,Sleep and Muscle Growth: What Recovery Actually Does,health,ready,95,847,7,2,4,yes,
/blog/sleep-recovery-muscle-growth,sleep-recovery-muscle-growth,Sleep and Muscle Recovery: What the Human Evidence Supports,health,ready,90,662,9,3,6,yes,
/blog/sleep-wearables-lifters-2026,sleep-wearables-lifters-2026,Sleep Wearables for Lifters: What the Data Can Actually Tell You,health,ready,100,1153,8,3,6,yes,
/blog/sodium-bicarbonate-ergogenic-aid-performance,sodium-bicarbonate-ergogenic-aid-performance,Sodium Bicarbonate for High-Intensity Exercise: What It Can and Cannot Do,supplement,ready,90,532,7,2,6,yes,
/blog/spermidine-supplementation-muscle-autophagy,spermidine-supplementation-muscle-autophagy,Spermidine for Muscle Health: What Human Evidence Shows,supplement,ready,90,555,8,4,3,yes,
/blog/stanford-cartilage-regeneration-lifters-joints-2026,stanford-cartilage-regeneration-lifters-joints-2026,Cartilage Regeneration Research: What Lifters Should Know,product,ready,95,819,8,2,4,yes,
/blog/strength-vs-size-hypertrophy-science,strength-vs-size-hypertrophy-science,Training for Strength vs Size: Can You Actually Do Both?,programming,ready,100,915,7,2,4,yes,
/blog/stretch-mediated-hypertrophy-lengthened-partials,stretch-mediated-hypertrophy-lengthened-partials,Lengthened Partials and Stretch-Mediated Hypertrophy: What We Know,programming,ready,90,627,8,3,5,yes,
/blog/strong-to-surpass-import-guide,strong-to-surpass-import-guide,Strong to Surpass Import Guide: Check Your CSV Before Switching Apps,product,ready,90,673,8,5,4,yes,
/blog/supercompensation-functional-overreaching,supercompensation-functional-overreaching,Supercompensation and Functional Overreaching: What They Mean,product,ready,95,849,10,2,5,yes,
/blog/supersets-hypertrophy-science-2026,supersets-hypertrophy-science-2026,Supersets for Hypertrophy: Time Efficiency and Trade-Offs,programming,ready,90,624,7,4,4,yes,
/blog/supplement-stacking-science,supplement-stacking-science,Supplement Stacking: What Works Together and What Is Uncertain,supplement,ready,95,707,10,4,5,yes,
/blog/supplement-timing-science-muscle-building,supplement-timing-science-muscle-building,"Supplement Timing: Creatine, Protein, and Caffeine",supplement,ready,90,642,9,4,4,yes,
/blog/surpass-competitor-analysis-2026,surpass-competitor-analysis-2026,Surpass Competitor Analysis: The Complete Dossier,product,ready,100,1437,8,2,4,yes,
/blog/tart-cherry-juice-precovery-science,tart-cherry-juice-precovery-science,Tart Cherry Juice for Training Recovery: What “Precovery” Means,programming,ready,90,636,7,3,9,yes,
/blog/taurine-supplementation-fitness-performance-2026,taurine-supplementation-fitness-performance-2026,Taurine and Exercise Performance: What the Evidence Actually Shows,supplement,ready,90,637,8,3,5,yes,
/blog/tempo-training-hypertrophy-science-2026,tempo-training-hypertrophy-science-2026,Tempo Training and Hypertrophy: How Fast Should Reps Be?,programming,ready,90,526,7,3,4,yes,
/blog/tendon-training-science-weak-link-gains,tendon-training-science-weak-link-gains,"Tendon Training for Lifters: Loading, Progression, and Limits",programming,ready,90,672,7,3,9,yes,
/blog/testosterone-muscle-building-science-2026,testosterone-muscle-building-science-2026,Testosterone and Muscle Building: What Lifters Need to Know,health,ready,100,987,8,2,5,yes,
/blog/thyroid-hormones-muscle-building-metabolism,thyroid-hormones-muscle-building-metabolism,"Thyroid Hormones, Training, and Muscle: A Clinical Evidence Guide",programming,ready,90,520,7,3,7,yes,
/blog/time-under-tension-hypertrophy-science,time-under-tension-hypertrophy-science,Time Under Tension and Hypertrophy: What Tempo Can—and Cannot—Do,product,ready,95,703,7,3,7,yes,
/blog/tongkat-ali-testosterone-supplementation-lifters,tongkat-ali-testosterone-supplementation-lifters,Tongkat Ali for Lifters: What the Testosterone Evidence Shows,supplement,ready,95,705,8,3,9,yes,
/blog/train-through-soreness-vs-rest,train-through-soreness-vs-rest,Training With Muscle Soreness: When to Modify or Rest,health,ready,100,1002,9,2,5,yes,
/blog/training-age-hypertrophy-beginner-advanced,training-age-hypertrophy-beginner-advanced,Training Age and Muscle Growth: Why Progress Slows,programming,ready,100,954,8,2,6,yes,
/blog/training-around-injuries-keep-gains-banged-up,training-around-injuries-keep-gains-banged-up,Training Around an Injury: A Safer Decision Framework,health,ready,100,1019,11,2,6,yes,
/blog/training-density-hypertrophy-optimization,training-density-hypertrophy-optimization,Training Density for Muscle Growth: Use Time Without Chasing Fatigue,programming,ready,90,699,8,3,5,yes,
/blog/training-frequency-muscle-growth-2025,training-frequency-muscle-growth-2025,Training Frequency for Muscle Growth: How Often Should You Lift?,programming,ready,90,575,7,2,7,yes,
/blog/training-fundamentals-muscle-growth,training-fundamentals-muscle-growth,Training Fundamentals for Muscle Growth,programming,ready,95,737,9,3,6,yes,
/blog/training-hard-enough-body-signals,training-hard-enough-body-signals,How to Know If You're Training Hard Enough Without Tracking Everything,programming,ready,100,1016,8,2,4,yes,
/blog/training-load-management-recovery-metrics,training-load-management-recovery-metrics,Training Load Management: How to Use Recovery Data,health,ready,100,1015,10,2,5,yes,
/blog/training-longevity-strength-decline-age-35,training-longevity-strength-decline-age-35,Strength Training After 35: What Ageing Research Actually Shows,programming,ready,95,843,9,3,8,yes,
/blog/training-partners-spotters-strength-science,training-partners-spotters-strength-science,The Science of Training Partners: How Spotters Unlock Greater Strength Gains,programming,ready,95,781,7,2,4,yes,
/blog/training-split-science-hypertrophy,training-split-science-hypertrophy,Training Splits: How to Choose a Routine That Builds Muscle,programming,ready,90,519,6,2,6,yes,
/blog/training-to-failure-proximity,training-to-failure-proximity,Training to Failure: How Close Is Close Enough?,programming,ready,90,550,7,3,4,yes,
/blog/training-volume-sets-muscle-growth-2026,training-volume-sets-muscle-growth-2026,Training Volume for Muscle Growth: How to Choose Weekly Sets,programming,ready,95,794,7,3,7,yes,
/blog/training-while-sick-when-to-push-rest,training-while-sick-when-to-push-rest,Training While Sick: When to Rest and How to Return,health,ready,95,841,10,2,5,yes,
/blog/training-while-sleep-deprived-lifting-science,training-while-sleep-deprived-lifting-science,Training After Poor Sleep: How to Make a Safer Decision,health,ready,90,597,6,2,6,yes,
/blog/ultimate-science-muscle-hypertrophy-guide,ultimate-science-muscle-hypertrophy-guide,Muscle Hypertrophy: An Evidence-Based Training and Nutrition Guide,nutrition,ready,100,1798,15,4,5,yes,
/blog/unilateral-training-single-limb-gains,unilateral-training-single-limb-gains,Unilateral Training: When Single-Limb Work Helps,programming,ready,100,929,9,2,5,yes,
/blog/urolithin-a-mitophagy-muscle-health,urolithin-a-mitophagy-muscle-health,Urolithin A for Muscle Health: What Human Trials Show,supplement,ready,90,508,7,4,3,yes,
/blog/vagal-tone-training-recovery,vagal-tone-training-recovery,"Vagal Tone, HRV, and Training Recovery: Use the Signals Carefully",programming,ready,90,637,8,3,6,yes,
/blog/velocity-based-training-science-2026,velocity-based-training-science-2026,Velocity-Based Training: What the Measurement Can Add,programming,ready,90,602,7,2,5,yes,
/blog/vitamin-d-muscle-building-strength-science,vitamin-d-muscle-building-strength-science,Vitamin D and Muscle Building: What Trials Actually Show,supplement,ready,95,847,9,4,4,yes,
/blog/vitamin-d-supplementation-strength-athletes,vitamin-d-supplementation-strength-athletes,"Vitamin D for Strength Athletes: Test First, Supplement Carefully",supplement,ready,95,748,9,4,4,yes,
/blog/vitamin-k2-strength-athletes-bone-health,vitamin-k2-strength-athletes-bone-health,"Vitamin K2, Bone Health, and Strength Training",supplement,ready,95,793,9,4,4,yes,
/blog/wave-loading-hypertrophy-practical-guide,wave-loading-hypertrophy-practical-guide,Wave Loading for Hypertrophy: A Flexible Periodization Option,programming,ready,90,594,7,2,5,yes,
/blog/what-women-want-muscular-men-science,what-women-want-muscular-men-science,Muscularity and Attraction: What Research Can—and Cannot—Tell Us,product,ready,95,817,9,3,6,yes,
/blog/why-workout-apps-dont-work,why-workout-apps-dont-work,Why Most Workout Apps Don't Work: The Problem With Generic Programming,product,ready,90,629,7,3,4,yes,
/blog/women-men-muscle-building-2025-research,women-men-muscle-building-2025-research,Women and Muscle Building: What the Research Actually Shows,programming,ready,90,689,9,3,5,yes,
/blog/work-capacity-training-foundation-gains,work-capacity-training-foundation-gains,Work Capacity for Lifters: Build More Useful Training Tolerance,programming,ready,90,665,9,3,6,yes,
/blog/workout-app-not-building-muscle,workout-app-not-building-muscle,Why Your Workout App May Not Be Helping You Progress,product,ready,95,819,8,2,4,yes,
/blog/zinc-muscle-building-testosterone-science,zinc-muscle-building-testosterone-science,"Zinc, Training, and Testosterone: Food First, Claims Second",health,ready,90,523,9,3,5,yes,
/blog/zone-2-cardio-strength-athletes-gains,zone-2-cardio-strength-athletes-gains,"Zone 2 Cardio for Lifters: Benefits, Tradeoffs, and Setup",product,ready,100,915,9,2,5,yes,
