slug,title,rank,match,pmid,candidate_title,journal,year,url,status
alpha-lipoic-acid-lifters-insulin,Alpha Lipoic Acid for Lifters: The Complete Guide to Insulin Sensitivity and Recovery,,,,,,,,no-pubmed-result
alternatives-to-rp-hypertrophy-app,Alternatives to RP Hypertrophy App (2026): Best Options for Serious Lifters,,,,,,,,no-pubmed-result
apply-hypertrophy-research-training-practical-guide,How to Apply Hypertrophy Research to Your Training: A Practical Guide,,,,,,,,no-pubmed-result
astaxanthin-supplementation-athletes,Astaxanthin Supplementation for Athletes: The Science Behind the Pink Powerhouse,,,,,,,,no-pubmed-result
auto-progression-feature-muscle-growth,Auto-Progression: Turn Workout History Into a Next-Set Plan,,,,,,,,no-pubmed-result
autoprogression-science-2026,Autoprogression: How Training Apps Suggest the Next Load,,,,,,,,no-pubmed-result
beetroot-juice-nitrates-muscle-performance,Beetroot Juice Nitrates: The Science Behind Muscle Performance,1,0.29,40369047,"Single and combined effect of beetroot juice and caffeine intake on muscular strength, power and endurance performance in resistance-trained males.",Scientific reports,2025 May 14,https://pubmed.ncbi.nlm.nih.gov/40369047/,weak-match-review
beetroot-juice-nitrates-muscle-performance,Beetroot Juice Nitrates: The Science Behind Muscle Performance,2,0.24,36401662,"Beetroot juice ingestion does not improve neuromuscular performance and match-play demands in elite female hockey players: a randomized, double-blind, placebo-controlled study.",European journal of nutrition,2023 Apr,https://pubmed.ncbi.nlm.nih.gov/36401662/,weak-match-review
beetroot-juice-nitrates-muscle-performance,Beetroot Juice Nitrates: The Science Behind Muscle Performance,3,0.21,41470898,Beetroot Juice Supplementation as a Healthy Aging Strategy Through Improving Physical Performance and Cognitive Functions: A Systematic Review.,Nutrients,2025 Dec 17,https://pubmed.ncbi.nlm.nih.gov/41470898/,weak-match-review
bench-press-grip-width-chest-science,The Best Grip Width for Bench Press: What the Science Says,1,0.24,39178098,Influence of Grip Width on the Load-Velocity Relationship and 1 Repetition Maximum Value in the Bench Press Exercise: A Comparative and Reliability Analysis of Mean Velocity Vs. Mean Propulsive Velocity Vs. Peak Velocity.,Journal of strength and conditioning research,2024 Dec 1,https://pubmed.ncbi.nlm.nih.gov/39178098/,weak-match-review
best-supplements-strength-athletes,Best Supplements for Strength Athletes: Evidence-Based Rankings,,,,,,,,no-pubmed-result
beta-ecdysterone-muscle-anabolic-research,Beta-Ecdysterone for Muscle Growth: Research Review,,,,,,,,no-pubmed-result
beta-ecdysterone-muscle-growth,Beta-Ecdysterone for Muscle Growth: The Complete Guide,1,0.22,34207569,Urinary Elimination of Ecdysterone and Its Metabolites Following a Single-Dose Administration in Humans.,Metabolites,2021 Jun 9,https://pubmed.ncbi.nlm.nih.gov/34207569/,weak-match-review
beta-ecdysterone-muscle-growth,Beta-Ecdysterone for Muscle Growth: The Complete Guide,2,0.20,33192507,"An Arthropod Hormone, Ecdysterone, Inhibits the Growth of Breast Cancer Cells via Different Mechanisms.",Frontiers in pharmacology,2020,https://pubmed.ncbi.nlm.nih.gov/33192507/,weak-match-review
beta-ecdysterone-muscle-growth,Beta-Ecdysterone for Muscle Growth: The Complete Guide,3,0.18,803716,Influence of ecdysterone on the growth of cells and synthesis of macromolecules in established cell lines of Drosophila melanogaster.,The Soviet journal of developmental biology,1975 Jan,https://pubmed.ncbi.nlm.nih.gov/803716/,weak-match-review
betaine-supplementation-strength-power-science,Betaine Supplementation: The Underrated Muscle Builder?,,,,,,,,no-pubmed-result
block-periodization-focused-training-phases,Block Periodization: The Science of Focused Training Phases,,,,,,,,no-pubmed-result
blood-glucose-monitoring-lifters-cgm-muscle-building,Blood Glucose Monitoring for Lifters: A Science-Based Guide,,,,,,,,no-pubmed-result
body-types-science-fitness-2026,Body Types in 2026: Science or Just a Convenient Excuse?,,,,,,,,no-pubmed-result
bone-density-resistance-training-science,Bone Density and Resistance Training: The Science of Stronger Bones,1,0.46,42578477,"A systematic review and meta-analysis of the effects of high-intensity, impact, and strength training on bone mineral density in premenopausal and postmenopausal women.","Menopause (New York, N.Y.)",2026 Aug 11,https://pubmed.ncbi.nlm.nih.gov/42578477/,weak-match-review
bone-density-resistance-training-science,Bone Density and Resistance Training: The Science of Stronger Bones,2,0.33,15293517,Leptin and bone metabolism.,Journal of nephrology,2004 Mar-Apr,https://pubmed.ncbi.nlm.nih.gov/15293517/,weak-match-review
bone-density-resistance-training-science,Bone Density and Resistance Training: The Science of Stronger Bones,3,0.29,42489061,Comparing aerobic and resistance training in estrogen deficiency: bone and muscle adaptations.,Climacteric : the journal of the International Menopause Society,2026 Jul 23,https://pubmed.ncbi.nlm.nih.gov/42489061/,weak-match-review
bpc-157-peptide-science-recovery-evidence,BPC-157: The Peptide Hype vs What Science Actually Says,1,0.33,11393510,The latest hype on Hyp-O-glycosylation codes.,Phytochemistry,2001 Jun,https://pubmed.ncbi.nlm.nih.gov/11393510/,weak-match-review
bpc-157-peptide-science-recovery-evidence,BPC-157: The Peptide Hype vs What Science Actually Says,2,0.22,40589055,Glucagon-like peptide-1 receptor agonists in neuropathic pain: hype or hope?,The Korean journal of pain,2025 Jul 1,https://pubmed.ncbi.nlm.nih.gov/40589055/,weak-match-review
bpc-157-peptide-science-recovery-evidence,BPC-157: The Peptide Hype vs What Science Actually Says,3,0.20,11286604,Cardiac natriuretic peptides--hope or hype?,Journal of clinical pharmacy and therapeutics,2001 Feb,https://pubmed.ncbi.nlm.nih.gov/11286604/,weak-match-review
building-muscle-budget-protein-sources,Building Muscle on a Budget: The Science of Cheap Protein Sources,1,0.23,34817110,Oligo Pools as an Affordable Source of Synthetic DNA for Cost-Effective Library Construction in Protein- and Metabolic Pathway Engineering.,Chembiochem : a European journal of chemical biology,2022 Apr 5,https://pubmed.ncbi.nlm.nih.gov/34817110/,weak-match-review
building-muscle-budget-protein-sources,Building Muscle on a Budget: The Science of Cheap Protein Sources,2,0.12,41495606,"Moringa stenopetala Leaves and Cafeteria Leftover as Nonconventional Supplements in the Diets of Local Gamo Sheep: Nutrient Utilization, Growth Performance and Economic Efficiency.",Veterinary medicine and science,2026 Jan,https://pubmed.ncbi.nlm.nih.gov/41495606/,weak-match-review
caffeine-pre-workout-science-2026,Caffeine and Pre-Workout: What Science Actually Says in 2026,,,,,,,,no-pubmed-result
calf-muscle-hypertrophy-training-science,The Science of Growing Calves: Why They're So Stubborn and How to Fix It,,,,,,,,no-pubmed-result
chronotype-training-optimization,Chronotype Training: Match Your Workout to Your Biological Clock,,,,,,,,no-pubmed-result
circadian-training-timing-muscle-growth,Training at Night vs Morning: Circadian Rhythm Impact on Muscle Growth,1,0.25,26098366,Redox rhythm reinforces the circadian clock to gate immune response.,Nature,2015 Jul 23,https://pubmed.ncbi.nlm.nih.gov/26098366/,weak-match-review
circadian-training-timing-muscle-growth,Training at Night vs Morning: Circadian Rhythm Impact on Muscle Growth,2,0.20,26626473,Neuroendocrine Profile in the Night Eating Syndrome.,Current obesity reports,2014 Mar,https://pubmed.ncbi.nlm.nih.gov/26626473/,weak-match-review
circadian-training-timing-muscle-growth,Training at Night vs Morning: Circadian Rhythm Impact on Muscle Growth,3,0.17,34856769,"Circadian rhythms, cardiac arrhythmias and sudden death.",Frontiers in bioscience (Landmark edition),2021 Nov 30,https://pubmed.ncbi.nlm.nih.gov/34856769/,weak-match-review
citrulline-malate-pre-workout-science-2026,Citrulline Malate: The Pre-Workout Supplement That Actually Works,,,,,,,,no-pubmed-result
citrulline-supplementation-strength-training,Citrulline Supplementation for Strength Training: The Pump Amino Science,1,0.00,35859621,"New perspectives for investigating muscular perfusion response after dietary supplement intake: an exploratory, randomized, double-blind, placebo-controlled crossover trial in healthy young athletes using contrast-enhanced ultrasound (CEUS).",Journal of the International Society of Sports Nutrition,2022,https://pubmed.ncbi.nlm.nih.gov/35859621/,weak-match-review
co2-tolerance-training-strength-lifts,CO2 Tolerance Training: The Breathing Hack for Stronger Lifts,,,,,,,,no-pubmed-result
cold-water-immersion-muscle-growth-science-2026,Cold Water Immersion and Muscle Growth: What the Evidence Says,1,0.38,41160573,Potential health benefits of cold-water immersion: the central role of PGC-1α.,The Journal of physiology,2025 Oct 29,https://pubmed.ncbi.nlm.nih.gov/41160573/,weak-match-review
cold-water-immersion-muscle-growth-science-2026,Cold Water Immersion and Muscle Growth: What the Evidence Says,2,0.29,31513450,"Cold water immersion attenuates anabolic signaling and skeletal muscle fiber hypertrophy, but not strength gain, following whole-body resistance training.","Journal of applied physiology (Bethesda, Md. : 1985)",2019 Nov 1,https://pubmed.ncbi.nlm.nih.gov/31513450/,weak-match-review
cold-water-immersion-muscle-growth-science-2026,Cold Water Immersion and Muscle Growth: What the Evidence Says,3,0.13,32036881,"Evaluation of Cold Atmospheric Pressure Plasma (CAPP) and plasma-activated water (PAW) as alternative non-thermal decontamination technologies for tofu: Impact on microbiological, sensorial and functional quality attributes.","Food research international (Ottawa, Ont.)",2020 Mar,https://pubmed.ncbi.nlm.nih.gov/32036881/,weak-match-review
compound-vs-isolation-hypertrophy-science,Compound vs Isolation Exercises for Hypertrophy: What the Science Actually Says,,,,,,,,no-pubmed-result
concurrent-training-interference-effect-2026,The Interference Effect: Can You Build Strength and Muscle Simultaneously?,1,0.09,24728927,Interference between concurrent resistance and endurance exercise: molecular bases and the role of individual training variables.,"Sports medicine (Auckland, N.Z.)",2014 Jun,https://pubmed.ncbi.nlm.nih.gov/24728927/,weak-match-review
concurrent-training-interference-effect-2026,The Interference Effect: Can You Build Strength and Muscle Simultaneously?,2,0.00,39743590,Sleep microstructure organizes memory replay.,Nature,2025 Jan,https://pubmed.ncbi.nlm.nih.gov/39743590/,weak-match-review
concurrent-training-interference-effect-2026,The Interference Effect: Can You Build Strength and Muscle Simultaneously?,3,0.00,39567558,Regulating copper homeostasis of tumor cells to promote cuproptosis for enhancing breast cancer immunotherapy.,Nature communications,2024 Nov 20,https://pubmed.ncbi.nlm.nih.gov/39567558/,weak-match-review
coq10-strength-athletes-mitochondria,CoQ10 for Strength Athletes: The Mitochondrial Advantage,,,,,,,,no-pubmed-result
cortisol-muscle-growth-stress-hormone,Cortisol and Muscle Growth: The Hidden Killer of Your Gains,,,,,,,,no-pubmed-result
creatine-caffeine-interaction-muscle-science,Creatine and Caffeine: Do They Cancel Each Other Out?,,,,,,,,no-pubmed-result
creatine-loading-phase-necessary-research,Creatine Loading Phase: What the Research Says,1,0.27,37630756,The Effects of Creatine Monohydrate Loading on Exercise Recovery in Active Women throughout the Menstrual Cycle.,Nutrients,2023 Aug 13,https://pubmed.ncbi.nlm.nih.gov/37630756/,weak-match-review
creatine-loading-phase-necessary-research,Creatine Loading Phase: What the Research Says,2,0.22,33557850,Common questions and misconceptions about creatine supplementation: what does the scientific evidence really show?,Journal of the International Society of Sports Nutrition,2021 Feb 8,https://pubmed.ncbi.nlm.nih.gov/33557850/,weak-match-review
creatine-loading-phase-necessary-research,Creatine Loading Phase: What the Research Says,3,0.08,34199420,Meta-Analysis Examining the Importance of Creatine Ingestion Strategies on Lean Tissue Mass and Strength in Older Adults.,Nutrients,2021 Jun 2,https://pubmed.ncbi.nlm.nih.gov/34199420/,weak-match-review
creatine-loading-phase-necessary,Creatine Loading Phase: Necessary or Not?,1,0.00,40059405,International society of sports nutrition position stand: nutrition and weight cut strategies for mixed martial arts and other combat sports.,Journal of the International Society of Sports Nutrition,2025 Dec,https://pubmed.ncbi.nlm.nih.gov/40059405/,weak-match-review
creatine-loading-phase-necessary,Creatine Loading Phase: Necessary or Not?,2,0.00,24392293,New Frontiers in Subcutaneous Immunoglobulin Treatment.,Biologics in therapy,2011,https://pubmed.ncbi.nlm.nih.gov/24392293/,weak-match-review
creatine-loading-phase-necessary,Creatine Loading Phase: Necessary or Not?,3,0.00,10516985,Nutrition and dietary supplements.,Physical medicine and rehabilitation clinics of North America,1999 Aug,https://pubmed.ncbi.nlm.nih.gov/10516985/,weak-match-review
creatine-monohydrate-science-2026,Creatine Monohydrate: The Science Behind the Most Researched Supplement,,,,,,,,no-pubmed-result
creatine-science-2025,The Science of Creatine: What 2025 Research Really Says,,,,,,,,no-pubmed-result
daily-readiness-training-wearable-data,Daily Readiness-Based Training: Using Wearable Data to Optimize Your Workouts,,,,,,,,no-pubmed-result
dileucine-supplement-muscle-protein-synthesis-research,Dileucine: The Amino Acid Combo That Outperforms Leucine?,,,,,,,,no-pubmed-result
eccentric-overload-training-muscle-growth-2026,Eccentric Overload Training: Does It Actually Build More Muscle?,1,0.29,37867740,Eccentric overload differences between loads and training variables on flywheel training.,Biology of sport,2023 Oct,https://pubmed.ncbi.nlm.nih.gov/37867740/,weak-match-review
eccentric-overload-training-muscle-growth-2026,Eccentric Overload Training: Does It Actually Build More Muscle?,2,0.20,33467382,Eccentric Training Interventions and Team Sport Athletes.,Journal of functional morphology and kinesiology,2019 Sep 27,https://pubmed.ncbi.nlm.nih.gov/33467382/,weak-match-review
eccentric-overload-training-muscle-growth-2026,Eccentric Overload Training: Does It Actually Build More Muscle?,3,0.20,26271519,Chronic Eccentric Exercise and the Older Adult.,"Sports medicine (Auckland, N.Z.)",2015 Oct,https://pubmed.ncbi.nlm.nih.gov/26271519/,weak-match-review
effective-training-volume-quality-not-quantity,Why Not All Sets Are Equal: The Science of Effective Training Volume,1,0.25,31809457,Is Performing Repetitions to Failure Less Important Than Volume for Muscle Hypertrophy and Strength?,Journal of strength and conditioning research,2020 May,https://pubmed.ncbi.nlm.nih.gov/31809457/,weak-match-review
effective-training-volume-quality-not-quantity,Why Not All Sets Are Equal: The Science of Effective Training Volume,2,0.13,39584857,"Equal Effects of Low- and Moderate-Volume Supplementary Plyometric Training on Sprint, Change of Direction Ability, and Lower-Limb Power in Preadolescent Female Handball Players.",Journal of functional morphology and kinesiology,2024 Oct 25,https://pubmed.ncbi.nlm.nih.gov/39584857/,weak-match-review
effective-training-volume-quality-not-quantity,Why Not All Sets Are Equal: The Science of Effective Training Volume,3,0.13,32848844,Effects of Equal Volume Heavy-Resistance Strength Training Versus Strength Endurance Training on Physical Fitness and Sport-Specific Performance in Young Elite Female Rowers.,Frontiers in physiology,2020,https://pubmed.ncbi.nlm.nih.gov/32848844/,weak-match-review
epicatechin-cocoa-flavanol-muscle-growth,Epicatechin: The Cocoa Flavanol for Muscle Growth,1,0.29,24314870,Effects of (-)-epicatechin on molecular modulators of skeletal muscle growth and differentiation.,The Journal of nutritional biochemistry,2014 Jan,https://pubmed.ncbi.nlm.nih.gov/24314870/,weak-match-review
epicatechin-cocoa-flavanol-muscle-growth,Epicatechin: The Cocoa Flavanol for Muscle Growth,2,0.22,22833114,Stimulatory effects of the flavanol (-)-epicatechin on cardiac angiogenesis: additive effects with exercise.,Journal of cardiovascular pharmacology,2012 Nov,https://pubmed.ncbi.nlm.nih.gov/22833114/,weak-match-review
epicatechin-cocoa-flavanol-muscle-growth,Epicatechin: The Cocoa Flavanol for Muscle Growth,3,0.08,37687058,"(-)-Epicatechin Inhibits Metastatic-Associated Proliferation, Migration, and Invasion of Murine Breast Cancer Cells In Vitro.","Molecules (Basel, Switzerland)",2023 Aug 24,https://pubmed.ncbi.nlm.nih.gov/37687058/,weak-match-review
estrogen-muscle-building-hormone-science,Estrogen and Muscle Building: What Science Actually Says in 2026,1,0.20,40586590,The rediscovery of estetrol and its implications for estrogen treatment.,"Menopause (New York, N.Y.)",2025 Jul 1,https://pubmed.ncbi.nlm.nih.gov/40586590/,weak-match-review
estrogen-muscle-building-hormone-science,Estrogen and Muscle Building: What Science Actually Says in 2026,2,0.15,42531655,Prognostic Value of Estrogen Receptors Versus Progesterone Receptors in Early Breast Cancer: An Analysis of Clinical and Translational Data (2004-2026).,Clinical breast cancer,2026 Aug,https://pubmed.ncbi.nlm.nih.gov/42531655/,weak-match-review
estrogen-muscle-building-hormone-science,Estrogen and Muscle Building: What Science Actually Says in 2026,3,0.00,41973450,Endometrial Cancer: A Review.,JAMA,2026 May 12,https://pubmed.ncbi.nlm.nih.gov/41973450/,weak-match-review
exercise-order-hypertrophy-programming,Exercise Order: The Programming Variable Nobody Talks About,,,,,,,,no-pubmed-result
exercise-order-pre-exhaustion-science,Exercise Order Science: Does Pre-Exhaustion Actually Work?,1,0.33,22317541,The farrier's work environment.,"Work (Reading, Mass.)",2012,https://pubmed.ncbi.nlm.nih.gov/22317541/,weak-match-review
exercise-order-pre-exhaustion-science,Exercise Order Science: Does Pre-Exhaustion Actually Work?,2,0.25,24492634,Effect of work and recovery durations on W' reconstitution during intermittent exercise.,Medicine and science in sports and exercise,2014 Jul,https://pubmed.ncbi.nlm.nih.gov/24492634/,weak-match-review
exercise-order-pre-exhaustion-science,Exercise Order Science: Does Pre-Exhaustion Actually Work?,3,0.20,3906342,Regulation of myocardial contractility in exhaustive exercise.,Medicine and science in sports and exercise,1985 Oct,https://pubmed.ncbi.nlm.nih.gov/3906342/,weak-match-review
exercise-snacking-muscle-science-2026,Exercise Snacking: The Science Behind Short Workouts That Build Muscle,,,,,,,,no-pubmed-result
forearm-hypertrophy-training-science,The Science of Forearm Hypertrophy: What Actually Works,1,0.20,31984803,Bony Hypertrophy in Vascularized Fibular Grafts.,"Hand (New York, N.Y.)",2022 Jan,https://pubmed.ncbi.nlm.nih.gov/31984803/,weak-match-review
forearm-hypertrophy-training-science,The Science of Forearm Hypertrophy: What Actually Works,2,0.14,2975461,Relation between cardiac hypertrophy and forearm vascular structural changes before and during long-term antihypertensive treatment.,The American journal of medicine,1988 Mar 11,https://pubmed.ncbi.nlm.nih.gov/2975461/,weak-match-review
forearm-hypertrophy-training-science,The Science of Forearm Hypertrophy: What Actually Works,3,0.00,38019262,Resistance exercise protects mice from protein-induced fat accretion.,eLife,2023 Nov 29,https://pubmed.ncbi.nlm.nih.gov/38019262/,weak-match-review
glycine-supplementation-lifters-science,Glycine Supplementation for Lifters: The Underrated Amino Acid,,,,,,,,no-pubmed-result
gut-microbiome-muscle-building-probiotics-2026,Gut Microbiome and Muscle Building: What Lifters Need to Know,,,,,,,,no-pubmed-result
gut-microbiome-muscle-growth-science,The Gut-Muscle Axis: How Your Microbiome Affects Muscle Growth,,,,,,,,no-pubmed-result
gut-muscle-axis-microbiome-muscle-building,The Gut-Muscle Axis: How Your Microbiome Affects Muscle Building,,,,,,,,no-pubmed-result
gym-gloves-vs-bare-hand-forearm-science,Gym Gloves vs Bare Hands: What the Science Says About Grip and Forearm Growth,,,,,,,,no-pubmed-result
hevy-import-guide,Hevy Import Guide: How to Move Workout History Into a Better Hypertrophy Tracker,,,,,,,,no-pubmed-result
hgh-boosters-natural-compounds-lifters,Natural HGH Boosters: What Actually Works for Lifters,,,,,,,,no-pubmed-result
hmb-supplementation-strength-athletes,HMB for Strength Athletes: Does It Actually Work?,1,0.25,40996312,Abnormal electrocardiogram findings in athletes.,European heart journal,2026 Jan 7,https://pubmed.ncbi.nlm.nih.gov/40996312/,weak-match-review
hmb-supplementation-strength-athletes,HMB for Strength Athletes: Does It Actually Work?,2,0.14,20869282,Sport-related performance anxiety in young female athletes.,Journal of pediatric and adolescent gynecology,2010 Dec,https://pubmed.ncbi.nlm.nih.gov/20869282/,weak-match-review
hmb-supplementation-strength-athletes,HMB for Strength Athletes: Does It Actually Work?,3,0.10,31097450,Mental health in elite athletes: International Olympic Committee consensus statement (2019).,British journal of sports medicine,2019 Jun,https://pubmed.ncbi.nlm.nih.gov/31097450/,weak-match-review
how-to-progress-gym-framework,How to Progress in the Gym: A Science-Based Framework,1,0.40,39048856,Metal-Organic Framework-Based Photodetectors.,Nano-micro letters,2024 Jul 25,https://pubmed.ncbi.nlm.nih.gov/39048856/,weak-match-review
how-to-progress-gym-framework,How to Progress in the Gym: A Science-Based Framework,2,0.30,38506127,"Metal-organic framework-based adsorbents for blood purification: progress, challenges, and prospects.",Journal of materials chemistry. B,2024 Apr 17,https://pubmed.ncbi.nlm.nih.gov/38506127/,weak-match-review
how-to-progress-gym-framework,How to Progress in the Gym: A Science-Based Framework,3,0.27,38334683,Recent progress of metal-organic framework-based nanozymes with oxidoreductase-like activity.,The Analyst,2024 Feb 26,https://pubmed.ncbi.nlm.nih.gov/38334683/,weak-match-review
hrv-training-optimization-science-2026,Heart Rate Variability: The Science of Training by Your Nervous System,1,0.27,37837296,Is boredom at work bad for your health? Examining the links between job boredom and autonomic nervous system dysfunction.,Stress and health : journal of the International Society for the Investigation of Stress,2024 Jun,https://pubmed.ncbi.nlm.nih.gov/37837296/,weak-match-review
hrv-training-optimization-science-2026,Heart Rate Variability: The Science of Training by Your Nervous System,2,0.22,29049621,Autonomic Nervous System Responses to Hearing-Related Demand and Evaluative Threat.,American journal of audiology,2017 Oct 12,https://pubmed.ncbi.nlm.nih.gov/29049621/,weak-match-review
hrv-training-optimization-science-2026,Heart Rate Variability: The Science of Training by Your Nervous System,3,0.21,33804817,"Neurophysiological Approach by Self-Control of Your Stress-Related Autonomic Nervous System with Depression, Stress and Anxiety Patients.",International journal of environmental research and public health,2021 Mar 24,https://pubmed.ncbi.nlm.nih.gov/33804817/,weak-match-review
hydration-electrolytes-muscle-building-science,Hydration and Electrolytes: The Hidden Factor in Muscle Building,,,,,,,,no-pubmed-result
hypertrophy-training-muscle-oxidative-capacity-endurance,Why Hypertrophy Training Also Makes You Stronger for High-Rep Work,,,,,,,,no-pubmed-result
immune-cell-muscle-repair-discovery-2026,The Hidden Repair Mechanism: How Immune Cells Lightning-Fast Heal Your Muscles,,,,,,,,no-pubmed-result
import-hevy-to-surpass,Import Hevy to Surpass: Move Your Workout History Without Starting Over,,,,,,,,no-pubmed-result
influencer-training-programs-science-analysis,"Influencer Training Programs: Nippard, Mentzer, and the Evidence",,,,,,,,no-pubmed-result
insulin-muscle-building-science,The Science of Insulin and Muscle Building: What Every Lifter Needs to Know,,,,,,,,no-pubmed-result
inter-set-stretching-muscle-growth-science,Inter-Set Stretching for Muscle Growth: What Science Says,1,0.33,23717362,"Influence of inter-set stretching on strength, flexibility and hormonal adaptations.",Journal of human kinetics,2013 Mar,https://pubmed.ncbi.nlm.nih.gov/23717362/,weak-match-review
inter-set-stretching-muscle-growth-science,Inter-Set Stretching for Muscle Growth: What Science Says,2,0.22,36457663,Inter-set stretch: A potential time-efficient strategy for enhancing skeletal muscle adaptations.,Frontiers in sports and active living,2022,https://pubmed.ncbi.nlm.nih.gov/36457663/,weak-match-review
inter-set-stretching-muscle-growth-science,Inter-Set Stretching for Muscle Growth: What Science Says,3,0.13,31183829,"Mucosa-Dependent, Stretch-Sensitive Spontaneous Activity in Seminal Vesicle.",Advances in experimental medicine and biology,2019,https://pubmed.ncbi.nlm.nih.gov/31183829/,weak-match-review
intermittent-fasting-muscle-building-research-2026,Intermittent Fasting for Muscle Building: What the Science Actually Says,1,0.50,35276989,Intermittent Fasting and Metabolic Health.,Nutrients,2022 Jan 31,https://pubmed.ncbi.nlm.nih.gov/35276989/,weak-match-review
intermittent-fasting-muscle-building-research-2026,Intermittent Fasting for Muscle Building: What the Science Actually Says,2,0.50,28715993,Metabolic Effects of Intermittent Fasting.,Annual review of nutrition,2017 Aug 21,https://pubmed.ncbi.nlm.nih.gov/28715993/,weak-match-review
intermittent-fasting-muscle-building-research-2026,Intermittent Fasting for Muscle Building: What the Science Actually Says,3,0.40,38719726,Intermittent fasting influences immunity and metabolism.,Trends in endocrinology and metabolism: TEM,2024 Sep,https://pubmed.ncbi.nlm.nih.gov/38719726/,weak-match-review
ischemic-preconditioning-strength-lifts-blood-flow,Ischemic Preconditioning: The Blood Flow Hack for Stronger Lifts,,,,,,,,no-pubmed-result
isometric-training-tendon-strength-muscle,Isometric Training for Tendon Capacity and Strength,1,0.30,16621210,Variability in isometric force and moment generating capacity of glenohumeral external rotator muscles.,"Clinical biomechanics (Bristol, Avon)",2006 Aug,https://pubmed.ncbi.nlm.nih.gov/16621210/,weak-match-review
isometric-training-tendon-strength-muscle,Isometric Training for Tendon Capacity and Strength,2,0.30,1395302,Force- and moment-generating capacity of lower-extremity muscles before and after tendon lengthening.,Clinical orthopaedics and related research,1992 Nov,https://pubmed.ncbi.nlm.nih.gov/1395302/,weak-match-review
isometric-training-tendon-strength-muscle,Isometric Training for Tendon Capacity and Strength,3,0.25,29686281,Gauging force by tapping tendons.,Nature communications,2018 Apr 23,https://pubmed.ncbi.nlm.nih.gov/29686281/,weak-match-review
jeff-nippard-muscle-lab-fitness-research-facility-2026,Jeff Nippard's Muscle Lab: The Future of Science-Based Fitness or Influencer Gimmick?,,,,,,,,no-pubmed-result
jeff-nippard-science-based-fitness-movement,Jeff Nippard and the Science-Based Fitness Movement: What Actually Works,,,,,,,,no-pubmed-result
jeff-nippard-vs-mike-mentzer-training-philosophy,Jeff Nippard vs Mike Mentzer: The Training Philosophy Battle Explained,,,,,,,,no-pubmed-result
keto-diet-strength-training-muscle-building-2026,Keto for Lifters: Can You Build Muscle on a Ketogenic Diet?,,,,,,,,no-pubmed-result
kettlebell-training-hypertrophy-muscle-building,Kettlebell Training for Hypertrophy: Build Muscle with Kettlebells,,,,,,,,no-pubmed-result
knee-health-squat-science-protecting-joints,Knee Health for Squatters: The Science of Protecting Your Joints While Building Legs,,,,,,,,no-pubmed-result
l-carnitine-supplementation-strength-hypertrophy,L-Carnitine Supplementation for Strength Athletes: What the Research Shows,,,,,,,,no-pubmed-result
lifting-joint-pain-arthritis-science,Lifting with Joint Pain: The Science of Training Around Arthritis,,,,,,,,no-pubmed-result
lifting-straps-gains-guide,Lifting Straps: When They Help and When They Hurt Your Gains,,,,,,,,no-pubmed-result
local-igf-1-muscle-growth-factors,The Local IGF-1 System: How Your Muscles Create Their Own Growth Factors,,,,,,,,no-pubmed-result
longitudinal-hypertrophy-mtor-independent-pathway,Longitudinal Hypertrophy and the mTOR Question,,,,,,,,no-pubmed-result
machines-vs-free-weights-2025-research,Machines vs Free Weights: 2025 Research Says It Doesn't Matter,,,,,,,,no-pubmed-result
magnesium-strength-training-mineral-gains,Magnesium and Strength Training: The Forgotten Mineral for Gains,,,,,,,,no-pubmed-result
magnesium-supplementation-strength-athletes,Magnesium Supplementation for Strength Athletes: What the Science Says,1,0.50,40431395,The Importance of Vitamin D and Magnesium in Athletes.,Nutrients,2025 May 13,https://pubmed.ncbi.nlm.nih.gov/40431395/,weak-match-review
magnesium-supplementation-strength-athletes,Magnesium Supplementation for Strength Athletes: What the Science Says,2,0.33,20352370,Effects of magnesium supplementation on testosterone levels of athletes and sedentary subjects at rest and after exhaustion.,Biological trace element research,2011 Apr,https://pubmed.ncbi.nlm.nih.gov/20352370/,weak-match-review
magnesium-supplementation-strength-athletes,Magnesium Supplementation for Strength Athletes: What the Science Says,3,0.25,29637897,The effect of magnesium supplementation on muscle fitness: a meta-analysis and systematic review.,Magnesium research,2017 Nov 1,https://pubmed.ncbi.nlm.nih.gov/29637897/,weak-match-review
mechanical-tension-vs-muscle-damage-growth,"Why Mechanical Tension, Not Muscle Damage, Drives Growth: The Science",,,,,,,,lookup-error: esummary 429
mechanotransduction-muscle-cells-feel-weight,How Muscle Cells 'Feel' The Weight: The Science of Mechanotransduction in Hypertrophy,,,,,,,,no-pubmed-result
menstrual-cycle-training-muscle-growth,Menstrual Cycle Training: Does Timing Matter for Muscle Growth?,1,0.50,34553156,Does timing matter when initiating elagolix in a natural menstrual cycle?,F&S reports,2021 Sep,https://pubmed.ncbi.nlm.nih.gov/34553156/,weak-match-review
mental-rehearsal-visualization-strength-gains,Mental Rehearsal: Can Visualization Actually Build Muscle?,1,0.29,39550883,A Scoping Review of Mental Practice in Athletes: How can Surgeons Learn?,Journal of surgical education,2025 Jan,https://pubmed.ncbi.nlm.nih.gov/39550883/,weak-match-review
mental-rehearsal-visualization-strength-gains,Mental Rehearsal: Can Visualization Actually Build Muscle?,2,0.27,26934963,A Randomized Control Trial Exploring the Effect of Mental Rehearsal and Cognitive Visualization on Microsurgery Skills.,Journal of reconstructive microsurgery,2016 Sep,https://pubmed.ncbi.nlm.nih.gov/26934963/,weak-match-review
mental-rehearsal-visualization-strength-gains,Mental Rehearsal: Can Visualization Actually Build Muscle?,3,0.22,37527821,Mental Rehearsal Improves Passing Skill and Stress Resilience in Rugby Players.,International journal of sports physiology and performance,2023 Sep 1,https://pubmed.ncbi.nlm.nih.gov/37527821/,weak-match-review
metabolic-stress-lactate-muscle-growth-2026,Metabolic Stress and Lactate: The Secret Driver of Muscle Growth,,,,,,,,no-pubmed-result
mike-mentzer-heavy-duty-training-science-2026,Mike Mentzer's Heavy Duty Training: What Can It Do in 2026?,,,,,,,,no-pubmed-result
mike-mentzer-high-intensity-training-2026,Mike Mentzer's High Intensity Training: Does It Still Work in 2026?,,,,,,,,no-pubmed-result
mind-muscle-connection-science-gains,Mind-Muscle Connection: The Science Behind Thinking Your Way to Bigger Gains,,,,,,,,no-pubmed-result
mind-muscle-connection-science-hypertrophy,Mind-Muscle Connection: Science or Snake Oil?,,,,,,,,no-pubmed-result
minimum-effective-dose-muscle-growth-2026,The Minimum Effective Dose for Muscle Growth: How Little Training Actually Works?,1,0.00,27149418,Corticosteroids for the treatment of Duchenne muscular dystrophy.,The Cochrane database of systematic reviews,2016 May 5,https://pubmed.ncbi.nlm.nih.gov/27149418/,weak-match-review
minimum-effective-dose-muscle-growth-2026,The Minimum Effective Dose for Muscle Growth: How Little Training Actually Works?,2,0.00,40042303,A high-throughput anaerobic method for viability assays.,Microbiology spectrum,2025 Apr,https://pubmed.ncbi.nlm.nih.gov/40042303/,weak-match-review
minimum-effective-dose-muscle-growth-2026,The Minimum Effective Dose for Muscle Growth: How Little Training Actually Works?,3,0.00,16801562,Identification of novel antimicrobials using a live-animal infection model.,Proceedings of the National Academy of Sciences of the United States of America,2006 Jul 5,https://pubmed.ncbi.nlm.nih.gov/16801562/,weak-match-review
mitochondrial-dynamics-muscle-growth-hypertrophy,Mitochondrial Dynamics and Muscle Growth: The Cellular Engine of Hypertrophy,,,,,,,,no-pubmed-result
motor-unit-recruitment-rate-coding-neural-strength,Motor Unit Recruitment & Rate Coding: The Neural Foundation of Strength,,,,,,,,no-pubmed-result
muscle-cramps-lifting-science-prevention,The Science of Muscle Cramps During Lifting: Causes and Cures,,,,,,,,no-pubmed-result
muscle-fiber-types-training-specificity,Muscle Fiber Types and Training Specificity: The Science Behind Targeted Hypertrophy,,,,,,,,no-pubmed-result
muscle-glycogen-supercompensation-carb-loading,Muscle Glycogen Supercompensation: The Science of Carb Loading for Lifters,,,,,,,,no-pubmed-result
muscle-group-training-frequency-optimal,How Often Should You Train Each Muscle Group? The Frequency Science,,,,,,,,no-pubmed-result
muscle-growth-timeline-2026,The Muscle Growth Timeline: From Workout to New Muscle,,,,,,,,no-pubmed-result
muscle-memory-detraining-science-2026,Muscle Memory: The Science of Losing Gains (And Getting Them Back Faster),,,,,,,,no-pubmed-result
muscle-memory-hypertrophy-detraining-science,Muscle Memory After Detraining: What the Science Shows,,,,,,,,no-pubmed-result
muscle-memory-myonuclei-retention-science,Muscle Memory and Myonuclei: What Training Retains,1,0.17,41346689,"Skeletal muscle memory: implications for sports, aging and nutrition.",Frontiers in nutrition,2025,https://pubmed.ncbi.nlm.nih.gov/41346689/,weak-match-review
muscle-memory-science-gains-faster,Muscle Memory: Why Your Gains Come Back Faster,,,,,,,,no-pubmed-result
muscle-memory-science-gains,Muscle Memory: The Science Behind Why Your Gains Stick,,,,,,,,no-pubmed-result
muscle-pump-myth-2026,The Muscle Pump Myth: What Science Actually Says,1,0.29,14500075,"Off-pump coronary artery bypass grafting: the myth, the logic and the science.",European journal of cardio-thoracic surgery : official journal of the European Association for Cardio-thoracic Surgery,2003 Oct,https://pubmed.ncbi.nlm.nih.gov/14500075/,weak-match-review
muscle-pump-myth-2026,The Muscle Pump Myth: What Science Actually Says,2,0.25,16601464,Diastolic heart failure: a myth.,Current opinion in cardiology,2006 May,https://pubmed.ncbi.nlm.nih.gov/16601464/,weak-match-review
muscle-pump-myth-2026,The Muscle Pump Myth: What Science Actually Says,3,0.20,33240696,Diabetic Cardiomyopathy as a Clinical Entity: Is It a Myth?,Cureus,2020 Oct 22,https://pubmed.ncbi.nlm.nih.gov/33240696/,weak-match-review
muscle-quality-echogenicity-ultrasound-gains,Muscle Quality: What Ultrasound Echogenicity Reveals About Your Gains,,,,,,,,no-pubmed-result
music-strength-training-performance-science,Music and Strength Training: The Science Behind Your Playlist,1,0.23,35529573,Learning About Your Mental Health From Your Playlist? Investigating the Correlation Between Music Preference and Mental Health of College Students.,Frontiers in psychology,2022,https://pubmed.ncbi.nlm.nih.gov/35529573/,weak-match-review
music-strength-training-performance-science,Music and Strength Training: The Science Behind Your Playlist,2,0.08,24846274,Preference-based serial decision dynamics: your first sushi reveals your eating order at the sushi table.,PloS one,2014,https://pubmed.ncbi.nlm.nih.gov/24846274/,weak-match-review
myostatin-muscle-growth-genetic-limits,Myostatin and Muscle Growth: What Lifters Can Learn,,,,,,,,no-pubmed-result
nac-supplementation-exercise-performance,NAC (N-Acetyl Cysteine) for Exercise Performance: What the Science Says,1,0.36,31030296,N-Acetyl cysteine does not improve repeated intense endurance cycling performance of well-trained cyclists.,European journal of applied physiology,2019 Jun,https://pubmed.ncbi.nlm.nih.gov/31030296/,weak-match-review
nac-supplementation-exercise-performance,NAC (N-Acetyl Cysteine) for Exercise Performance: What the Science Says,2,0.30,18500954,The antioxidant role of glutathione and N-acetyl-cysteine supplements and exercise-induced oxidative stress.,Journal of the International Society of Sports Nutrition,2005 Dec 9,https://pubmed.ncbi.nlm.nih.gov/18500954/,weak-match-review
nac-supplementation-exercise-performance,NAC (N-Acetyl Cysteine) for Exercise Performance: What the Science Says,3,0.13,32127289,Antioxidant supplements and endurance exercise: Current evidence and mechanistic insights.,Redox biology,2020 Aug,https://pubmed.ncbi.nlm.nih.gov/32127289/,weak-match-review
neck-training-lifters-strength-aesthetics,Neck Training for Lifters: The Missing Link in Strength and Aesthetics,,,,,,,,no-pubmed-result
nicotinamide-riboside-nad-muscle-health,Nicotinamide Riboside Supplementation for Muscle Health: The NAD+ Story,,,,,,,,no-pubmed-result
optimal-workout-duration-2026,The 30-Minute Workout: Why Less Training Time May Build More Muscle,1,0.00,25086646,"High-intensity compared to moderate-intensity training for exercise initiation, enjoyment, adherence, and intentions: an intervention study.",BMC public health,2014 Aug 3,https://pubmed.ncbi.nlm.nih.gov/25086646/,weak-match-review
optimal-workout-duration-2026,The 30-Minute Workout: Why Less Training Time May Build More Muscle,2,0.00,32231438,High-Intensity Interval Training Reversed High-Fat Diet-Induced M1-Macrophage Polarization in Rat Adipose Tissue via Inhibition of NOTCH Signaling.,Journal of inflammation research,2020,https://pubmed.ncbi.nlm.nih.gov/32231438/,weak-match-review
periodization-dup-vs-linear-2026,Daily Undulating Periodization vs Linear Periodization: What the Science Says in 2026,,,,,,,,no-pubmed-result
photobiomodulation-low-level-laser-therapy-muscle-science,Photobiomodulation: Does Low-Level Laser Therapy Actually Work for Muscle Building?,1,1.00,42238110,Photobiomodulation therapy.,JADA foundational science,2025,https://pubmed.ncbi.nlm.nih.gov/42238110/,candidate-review
photobiomodulation-low-level-laser-therapy-muscle-science,Photobiomodulation: Does Low-Level Laser Therapy Actually Work for Muscle Building?,2,0.80,33689636,Photobiomodulation (low-level light therapy) and dry eye disease.,Clinical & experimental optometry,2021 Jul,https://pubmed.ncbi.nlm.nih.gov/33689636/,candidate-review
photobiomodulation-low-level-laser-therapy-muscle-science,Photobiomodulation: Does Low-Level Laser Therapy Actually Work for Muscle Building?,3,0.60,38253849,[Low Level Laser Therapy in Nursing Care].,Hu li za zhi The journal of nursing,2024 Feb,https://pubmed.ncbi.nlm.nih.gov/38253849/,candidate-review
plateaus-break-through-muscle,Plateaus: Why You Stopped Growing (And How to Break Through),,,,,,,,no-pubmed-result
pqq-supplementation-mitochondrial-muscle-health,PQQ Supplementation for Muscle Health: Science Review,1,0.50,35267907,Effects of Creatine Supplementation on Brain Function and Health.,Nutrients,2022 Feb 22,https://pubmed.ncbi.nlm.nih.gov/35267907/,weak-match-review
pqq-supplementation-mitochondrial-muscle-health,PQQ Supplementation for Muscle Health: Science Review,2,0.50,33578876,Creatine Supplementation and Brain Health.,Nutrients,2021 Feb 10,https://pubmed.ncbi.nlm.nih.gov/33578876/,weak-match-review
pqq-supplementation-mitochondrial-muscle-health,PQQ Supplementation for Muscle Health: Science Review,3,0.44,32702243,Whey protein supplementation and its potentially adverse effects on health: a systematic review.,"Applied physiology, nutrition, and metabolism = Physiologie appliquee, nutrition et metabolisme",2021 Jan,https://pubmed.ncbi.nlm.nih.gov/32702243/,weak-match-review
pre-sleep-protein-casein-muscle-growth-2026,Pre-Sleep Protein: The Overnight Muscle Building Secret,,,,,,,,no-pubmed-result
pre-workout-meal-science-fueling-training,Pre-Workout Meal Science: How to Fuel Your Training for Maximum Gains,,,,,,,,no-pubmed-result
pre-workout-protein-science-2026,Pre-Workout Protein: What Science Actually Says in 2026,,,,,,,,no-pubmed-result
progress-stalled-hidden-factors-beyond-programming,Why Your Progress Stalled: The Hidden Factors Beyond Programming,,,,,,,,no-pubmed-result
progressive-overload-beyond-adding-weight,Progressive Overload: Beyond Just Adding Weight,,,,,,,,no-pubmed-result
progressive-overload-muscle-building,Progressive Overload: How to Progress Without Guessing,,,,,,,,no-pubmed-result
protein-distribution-muscle-protein-synthesis,The Science of Protein Distribution: How Often Should You Eat Protein?,,,,,,,,no-pubmed-result
protein-muscle-growth-guide,Protein and Muscle Growth: A Practical Guide,1,0.33,9022288,Bone morphogenic protein-4.,The international journal of biochemistry & cell biology,1996 Dec,https://pubmed.ncbi.nlm.nih.gov/9022288/,weak-match-review
protein-muscle-growth-guide,Protein and Muscle Growth: A Practical Guide,2,0.17,22569527,Diagnostic approach and management of cow's-milk protein allergy in infants and children: ESPGHAN GI Committee practical guidelines.,Journal of pediatric gastroenterology and nutrition,2012 Aug,https://pubmed.ncbi.nlm.nih.gov/22569527/,weak-match-review
protein-muscle-growth-guide,Protein and Muscle Growth: A Practical Guide,3,0.14,32344865,Comparative Application of BioID and TurboID for Protein-Proximity Biotinylation.,Cells,2020 Apr 25,https://pubmed.ncbi.nlm.nih.gov/32344865/,weak-match-review
psychology-muscle-building-mindset-habits,The Psychology of Muscle Building: Why Your Mind Determines Your Gains,,,,,,,,no-pubmed-result
rear-delt-training-neglected-muscle,Rear Delt Training: The Neglected Muscle That's Holding Back Your Physique,,,,,,,,no-pubmed-result
recovery-technologies-muscle-building-science,Recovery Technologies: What Actually Works for Muscle Building?,1,0.38,36776490,Technologies for pollutant removal and resource recovery from blackwater: a review.,Frontiers of environmental science & engineering,2023,https://pubmed.ncbi.nlm.nih.gov/36776490/,weak-match-review
recovery-technologies-muscle-building-science,Recovery Technologies: What Actually Works for Muscle Building?,2,0.29,35834973,Lithium recovery using electrochemical technologies: Advances and challenges.,Water research,2022 Aug 1,https://pubmed.ncbi.nlm.nih.gov/35834973/,weak-match-review
recovery-technologies-muscle-building-science,Recovery Technologies: What Actually Works for Muscle Building?,3,0.20,40068721,Artificial intelligence in stroke rehabilitation: From acute care to long-term recovery.,Neuroscience,2025 Apr 19,https://pubmed.ncbi.nlm.nih.gov/40068721/,weak-match-review
red-light-therapy-muscle-growth-science,Red Light Therapy for Muscle Growth: What Science Actually Says,1,0.50,33471046,Photobiomodulation: The Clinical Applications of Low-Level Light Therapy.,Aesthetic surgery journal,2021 May 18,https://pubmed.ncbi.nlm.nih.gov/33471046/,weak-match-review
red-light-therapy-muscle-growth-science,Red Light Therapy for Muscle Growth: What Science Actually Says,2,0.33,35156098,Advances in hair growth.,Faculty reviews,2022,https://pubmed.ncbi.nlm.nih.gov/35156098/,weak-match-review
red-light-therapy-muscle-growth-science,Red Light Therapy for Muscle Growth: What Science Actually Says,3,0.20,38309304,Photobiomodulation CME part I: Overview and mechanism of action.,Journal of the American Academy of Dermatology,2024 Nov,https://pubmed.ncbi.nlm.nih.gov/38309304/,weak-match-review
rep-range-myth-muscle-growth-failure,The Rep Range Myth: What Actually Matters for Muscle Growth,,,,,,,,no-pubmed-result
resistance-bands-hypertrophy-muscle-growth-science,Resistance Bands for Muscle Growth: The Science of Elastic Hypertrophy,1,0.20,30529477,"The effects of a combined bodyweight-based and elastic bands resistance training, with or without protein supplementation, on muscle mass, signaling and heat shock response in healthy older people.",Experimental gerontology,2019 Jan,https://pubmed.ncbi.nlm.nih.gov/30529477/,weak-match-review
resistance-training-hypoxia-altitude-muscle-growth,Resistance Training in Hypoxia: Does Training at Altitude Build More Muscle?,1,0.33,30256727,Evolved Mechanisms of Aerobic Performance and Hypoxia Resistance in High-Altitude Natives.,Annual review of physiology,2019 Feb 10,https://pubmed.ncbi.nlm.nih.gov/30256727/,weak-match-review
resistance-training-hypoxia-altitude-muscle-growth,Resistance Training in Hypoxia: Does Training at Altitude Build More Muscle?,2,0.25,10635006,Oxygen and placental vascular development.,Advances in experimental medicine and biology,1999,https://pubmed.ncbi.nlm.nih.gov/10635006/,weak-match-review
resistance-training-hypoxia-altitude-muscle-growth,Resistance Training in Hypoxia: Does Training at Altitude Build More Muscle?,3,0.00,41697261,Breathtaking heights: Lung mechanics and pulmonary extravascular fluid accumulation in female climbers during the K2 expedition.,Experimental physiology,2026 Apr,https://pubmed.ncbi.nlm.nih.gov/41697261/,weak-match-review
rest-periods-hypertrophy-science,Rest Periods for Hypertrophy: How Long to Rest Between Sets,,,,,,,,no-pubmed-result
sarcoplasmic-vs-myofibrillar-hypertrophy-science-2026,Sarcoplasmic vs Myofibrillar Hypertrophy: What Science Actually Says,1,0.20,19125327,Cardiac hypertrophy and thyroid hormone signaling.,Heart failure reviews,2010 Mar,https://pubmed.ncbi.nlm.nih.gov/19125327/,weak-match-review
sarcoplasmic-vs-myofibrillar-hypertrophy-science-2026,Sarcoplasmic vs Myofibrillar Hypertrophy: What Science Actually Says,2,0.20,11129949,Attenuation of changes in sarcoplasmic reticular gene expression in cardiac hypertrophy by propranolol and verapamil.,Molecular and cellular biochemistry,2000 Oct,https://pubmed.ncbi.nlm.nih.gov/11129949/,weak-match-review
sarcoplasmic-vs-myofibrillar-hypertrophy-science-2026,Sarcoplasmic vs Myofibrillar Hypertrophy: What Science Actually Says,3,0.20,12824083,No effect of creatine supplementation on human myofibrillar and sarcoplasmic protein synthesis after resistance exercise.,American journal of physiology. Endocrinology and metabolism,2003 Nov,https://pubmed.ncbi.nlm.nih.gov/12824083/,weak-match-review
satellite-cells-muscle-growth-science,The Science of Satellite Cells: How Your Muscles Actually Grow,,,,,,,,no-pubmed-result
sauna-muscle-recovery-lifters-science,Sauna Use for Lifters: Heat Therapy for Muscle Growth and Recovery,,,,,,,,no-pubmed-result
sleep-deprivation-muscle-protein-synthesis,Sleep Deprivation and Muscle Protein Synthesis: How Missing Sleep Kills Your Gains,,,,,,,,no-pubmed-result
sleep-growth-hormone-circuit-2025,The Sleep-Muscle Connection: 2025 Research on How Sleep Builds Muscle,,,,,,,,no-pubmed-result
sleep-growth-hormone-circuit-muscle-building-2025,"Sleep, Growth Hormone, and Muscle: What the Research Shows",,,,,,,,no-pubmed-result
sleep-wearables-lifters-2026,Sleep Wearables for Lifters: What Actually Matters in 2026,,,,,,,,no-pubmed-result
spermidine-supplementation-muscle-autophagy,Spermidine Supplementation for Muscle Health: The Complete Guide,1,0.22,30306826,Spermidine: a physiological autophagy inducer acting as an anti-aging vitamin in humans?,Autophagy,2019 Jan,https://pubmed.ncbi.nlm.nih.gov/30306826/,weak-match-review
spermidine-supplementation-muscle-autophagy,Spermidine Supplementation for Muscle Health: The Complete Guide,2,0.14,35616942,Effects of Spermidine Supplementation on Cognition and Biomarkers in Older Adults With Subjective Cognitive Decline: A Randomized Clinical Trial.,JAMA network open,2022 May 2,https://pubmed.ncbi.nlm.nih.gov/35616942/,weak-match-review
spermidine-supplementation-muscle-autophagy,Spermidine Supplementation for Muscle Health: The Complete Guide,3,0.13,39511379,Spermidine mediates acetylhypusination of RIPK1 to suppress diabetes onset and progression.,Nature cell biology,2024 Dec,https://pubmed.ncbi.nlm.nih.gov/39511379/,weak-match-review
stanford-cartilage-regeneration-lifters-joints-2026,Cartilage Regeneration Research: What Lifters Should Know,,,,,,,,no-pubmed-result
strength-vs-size-hypertrophy-science,Training for Strength vs Size: Can You Actually Do Both?,,,,,,,,no-pubmed-result
strong-to-surpass-import-guide,Strong to Surpass Import Guide: Check Your CSV Before Switching Apps,,,,,,,,no-pubmed-result
supercompensation-functional-overreaching,Supercompensation & Functional Overreaching: The Science of Strategic Fatigue,,,,,,,,no-pubmed-result
supplement-stacking-science,Supplement Stacking: What Works Together and What Doesn't,,,,,,,,no-pubmed-result
supplement-timing-science-muscle-building,"Supplement Timing: Creatine, Protein, and Caffeine",1,0.17,28150472,"Timing, Optimal Dose and Intake Duration of Dietary Supplements with Evidence-Based Use in Sports Nutrition.",Journal of exercise nutrition & biochemistry,2016 Dec 31,https://pubmed.ncbi.nlm.nih.gov/28150472/,weak-match-review
supplement-timing-science-muscle-building,"Supplement Timing: Creatine, Protein, and Caffeine",2,0.13,40004931,Dietary Supplement Use in Competitive Spanish Football Players and Differences According to Sex.,Nutrients,2025 Feb 7,https://pubmed.ncbi.nlm.nih.gov/40004931/,weak-match-review
supplement-timing-science-muscle-building,"Supplement Timing: Creatine, Protein, and Caffeine",3,0.00,12002799,The athlete's diet: nutritional goals and dietary strategies.,The Proceedings of the Nutrition Society,2002 Feb,https://pubmed.ncbi.nlm.nih.gov/12002799/,weak-match-review
surpass-competitor-analysis-2026,Surpass Competitor Analysis: The Complete Dossier,,,,,,,,no-pubmed-result
tart-cherry-juice-precovery-science,Tart Cherry Juice: The Precovery Drink Science Says You Need,,,,,,,,no-pubmed-result
thyroid-hormones-muscle-building-metabolism,Thyroid Hormones and Muscle Building: The Metabolic Master Switch,,,,,,,,no-pubmed-result
time-under-tension-hypertrophy-science,Time Under Tension: The Science of Controlled Reps for Maximum Muscle Growth,,,,,,,,no-pubmed-result
tongkat-ali-testosterone-supplementation-lifters,Tongkat Ali for Lifters: The Complete Science-Backed Guide,,,,,,,,no-pubmed-result
train-through-soreness-vs-rest,When to Train Through Muscle Soreness vs. When to Rest,,,,,,,,no-pubmed-result
training-age-hypertrophy-beginner-advanced,Training Age: Why Beginners Grow Fast and Advanced Lifters Struggle,,,,,,,,no-pubmed-result
training-around-injuries-keep-gains-banged-up,Training Around Injuries: How to Keep Making Gains When You're Banged Up,,,,,,,,no-pubmed-result
training-density-hypertrophy-optimization,Training Density: The Hidden Variable in Hypertrophy Programming,,,,,,,,no-pubmed-result
training-fundamentals-muscle-growth,Training Fundamentals for Muscle Growth,1,0.25,34929784,Fundamentals of Intervertebral Disc Degeneration.,World neurosurgery,2022 Jan,https://pubmed.ncbi.nlm.nih.gov/34929784/,weak-match-review
training-fundamentals-muscle-growth,Training Fundamentals for Muscle Growth,2,0.17,37998335,Acne Transcriptomics: Fundamentals of Acne Pathogenesis and Isotretinoin Treatment.,Cells,2023 Nov 10,https://pubmed.ncbi.nlm.nih.gov/37998335/,weak-match-review
training-fundamentals-muscle-growth,Training Fundamentals for Muscle Growth,3,0.17,34481615,Platelet-Rich Plasma: Fundamentals and Clinical Applications.,Arthroscopy : the journal of arthroscopic & related surgery : official publication of the Arthroscopy Association of North America and the International Arthroscopy Association,2021 Sep,https://pubmed.ncbi.nlm.nih.gov/34481615/,weak-match-review
training-hard-enough-body-signals,How to Know If You're Training Hard Enough Without Tracking Everything,,,,,,,,no-pubmed-result
training-load-management-recovery-metrics,Training Load Management: Using Recovery Metrics to Optimize Hypertrophy,,,,,,,,no-pubmed-result
training-longevity-strength-decline-age-35,When Strength Really Starts to Decline (And What You Can Do About It),,,,,,,,no-pubmed-result
training-partners-spotters-strength-science,The Science of Training Partners: How Spotters Unlock Greater Strength Gains,,,,,,,,no-pubmed-result
training-split-science-hypertrophy,The Science of Training Splits: Which One Actually Works Best for Muscle Growth?,,,,,,,,no-pubmed-result
training-volume-sets-muscle-growth-2026,The Science of Training Volume: How Many Sets Do You Really Need?,,,,,,,,no-pubmed-result
training-while-sick-when-to-push-rest,Training While Sick: When to Push and When to Rest,,,,,,,,no-pubmed-result
unilateral-training-single-limb-gains,Unilateral Training: The Single-Limb Strategy for Faster Gains,,,,,,,,no-pubmed-result
urolithin-a-mitophagy-muscle-health,Urolithin A Supplementation for Muscle Health: The Mitophagy Story,,,,,,,,no-pubmed-result
vagal-tone-training-recovery,Vagal Tone and Training Recovery: The Missing Piece of Your Gains,,,,,,,,no-pubmed-result
vitamin-d-muscle-building-strength-science,Vitamin D and Muscle Building: What the Science Actually Says,1,0.50,33549285,Vitamin D: Vitamin or Hormone?,The Nursing clinics of North America,2021 Mar,https://pubmed.ncbi.nlm.nih.gov/33549285/,weak-match-review
vitamin-d-muscle-building-strength-science,Vitamin D and Muscle Building: What the Science Actually Says,2,0.25,31101452,Vitamin D and health - The missing vitamin in humans.,Pediatrics and neonatology,2019 Jun,https://pubmed.ncbi.nlm.nih.gov/31101452/,weak-match-review
vitamin-d-muscle-building-strength-science,Vitamin D and Muscle Building: What the Science Actually Says,3,0.14,28516265,"The vitamin D deficiency pandemic: Approaches for diagnosis, treatment and prevention.",Reviews in endocrine & metabolic disorders,2017 Jun,https://pubmed.ncbi.nlm.nih.gov/28516265/,weak-match-review
vitamin-d-supplementation-strength-athletes,Vitamin D Supplementation for Strength Athletes: What the Science Actually Says,1,0.50,40431395,The Importance of Vitamin D and Magnesium in Athletes.,Nutrients,2025 May 13,https://pubmed.ncbi.nlm.nih.gov/40431395/,weak-match-review
vitamin-d-supplementation-strength-athletes,Vitamin D Supplementation for Strength Athletes: What the Science Actually Says,2,0.50,27379960,Effects of Vitamin D Supplementation on Muscle Strength in Athletes: A Systematic Review.,Journal of strength and conditioning research,2017 Feb,https://pubmed.ncbi.nlm.nih.gov/27379960/,weak-match-review
vitamin-d-supplementation-strength-athletes,Vitamin D Supplementation for Strength Athletes: What the Science Actually Says,3,0.43,38188620,Effects of Vitamin D Supplementation in Elite Athletes: A Systematic Review.,Orthopaedic journal of sports medicine,2024 Jan,https://pubmed.ncbi.nlm.nih.gov/38188620/,weak-match-review
vitamin-k2-strength-athletes-bone-health,"Vitamin K2, Bone Health, and Strength Training",1,0.50,32972636,"Calcium, vitamin D, vitamin K2, and magnesium supplementation and skeletal health.",Maturitas,2020 Oct,https://pubmed.ncbi.nlm.nih.gov/32972636/,weak-match-review
vitamin-k2-strength-athletes-bone-health,"Vitamin K2, Bone Health, and Strength Training",2,0.33,39125301,The Importance of Vitamin K and the Combination of Vitamins K and D for Calcium Metabolism and Bone Health: A Review.,Nutrients,2024 Jul 25,https://pubmed.ncbi.nlm.nih.gov/39125301/,weak-match-review
vitamin-k2-strength-athletes-bone-health,"Vitamin K2, Bone Health, and Strength Training",3,0.30,37544189,Supplementation of vitamin D isolated or calcium-associated with bone remodeling and fracture risk in postmenopausal women without osteoporosis: A systematic review of randomized clinical trials.,"Nutrition (Burbank, Los Angeles County, Calif.)",2023 Dec,https://pubmed.ncbi.nlm.nih.gov/37544189/,weak-match-review
wave-loading-hypertrophy-practical-guide,Wave Loading for Hypertrophy: A Practical Guide to Breaking Plateaus,,,,,,,,no-pubmed-result
why-workout-apps-dont-work,Why Most Workout Apps Don't Work: The Problem With Generic Programming,,,,,,,,no-pubmed-result
women-men-muscle-building-2025-research,Women and Muscle Building: What the 2025 Science Actually Says,1,0.20,40905426,Updates to Recurrent Uncomplicated Urinary Tract Infections in Women: AUA/CUA/SUFU Guideline (2025).,The Journal of urology,2026 Jan,https://pubmed.ncbi.nlm.nih.gov/40905426/,weak-match-review
women-men-muscle-building-2025-research,Women and Muscle Building: What the 2025 Science Actually Says,2,0.18,40222381,"The 2025 report of the Lancet Countdown to 2030 for women's, children's, and adolescents' health: tracking progress on health and nutrition.","Lancet (London, England)",2025 Apr 26,https://pubmed.ncbi.nlm.nih.gov/40222381/,weak-match-review
women-men-muscle-building-2025-research,Women and Muscle Building: What the 2025 Science Actually Says,3,0.17,40735881,Cancer of the vulva: 2025 update: FIGO Cancer Report 2025.,International journal of gynaecology and obstetrics: the official organ of the International Federation of Gynaecology and Obstetrics,2025 Sep,https://pubmed.ncbi.nlm.nih.gov/40735881/,weak-match-review
work-capacity-training-foundation-gains,Work Capacity: The Foundation Every Lifter Overlooks,,,,,,,,no-pubmed-result
workout-app-not-building-muscle,Why Your Workout App Isn't Building Muscle: The Progressive Overload Problem,,,,,,,,no-pubmed-result
zone-2-cardio-strength-athletes-gains,Zone 2 Cardio for Strength Athletes: Benefits and Tradeoffs,,,,,,,,no-pubmed-result
