surface,path,placement,apple_provider_token,apple_campaign,primary_event,notes
homepage,/,hero,128406689,surpass_coach_home_hero_control,app_store_outbound_clicked,Current homepage control campaign
homepage,/,download,128406689,surpass_coach_home_download,app_store_outbound_clicked,Current homepage campaign
homepage,/,final_cta,128406689,surpass_coach_home_final,app_store_outbound_clicked,Current homepage campaign
site_header,sitewide,header,128406689,surpass_coach,app_store_outbound_clicked,Current shared header campaign
site_header_mobile,sitewide,header_mobile,128406689,surpass_coach_mobile,app_store_outbound_clicked,Compact mobile header campaign
landing,/workout-tracker,hero_or_final,128406689,seo_workout_tracker,app_store_outbound_clicked,Existing acquisition page campaign
landing,/gym-workout-planner,hero_or_final,128406689,seo_gym_workout_planner,app_store_outbound_clicked,Existing acquisition page campaign
landing,/progressive-overload,hero_or_final,128406689,seo_progressive_overload,app_store_outbound_clicked,Existing acquisition page campaign
landing,/hypertrophy-app,hero_or_final,128406689,seo_hypertrophy_app,app_store_outbound_clicked,Hypertrophy-intent acquisition page campaign
landing,/alpha-progression-alternative,hero_or_final,128406689,seo_alpha_progression_alternative,app_store_outbound_clicked,Balanced competitor-comparison acquisition page; baseline required
landing,/hevy-alternative,hero_or_final,128406689,seo_hevy_alternative,app_store_outbound_clicked,Existing acquisition page campaign
landing,/strong-alternative,hero_or_final,128406689,seo_strong_alternative,app_store_outbound_clicked,Existing acquisition page campaign
landing,/fitnotes-alternative,hero_or_final,128406689,seo_fitnotes_alternative,app_store_outbound_clicked,Existing acquisition page campaign
landing,/import-workout-history,hero_or_final,128406689,seo_import_workout_history,app_store_outbound_clicked,Central evidence-backed migration guide
tool,/tools/next-set-calculator,result_cta,128406689,next_set_calculator,app_store_outbound_clicked,Core tool campaign
tool,/tools/rir-calculator,result_cta,128406689,rir_calculator,app_store_outbound_clicked,Core tool campaign
tool,/tools/weekly-volume-checker,result_cta,128406689,weekly_volume_checker,app_store_outbound_clicked,Core tool campaign
tool,/tools/one-rep-max-calculator,result_cta,128406689,one_rep_max_calculator,app_store_outbound_clicked,Core tool campaign
tool,/tools/hevy-import-checker,result_cta,128406689,hevy_import_checker,app_store_outbound_clicked,Core tool campaign
tool,/tools/strong-csv-import-checker,result_cta,128406689,strong_csv_import_checker,app_store_outbound_clicked,Core tool campaign
tool,/tools/fitnotes-csv-import-checker,result_cta,128406689,fitnotes_csv_import_checker,app_store_outbound_clicked,Core tool campaign
tool,/tools/workout-csv-validator,result_cta,128406689,workout_csv_validator,app_store_outbound_clicked,Core tool campaign
blog,/blog/*,header_or_final,128406689,blog_workout_apps|blog_progression|blog_programming|blog_training,app_store_outbound_clicked,Intent-based campaign chosen by post metadata; validate resolved value
landing,/surpass-vs-hevy,hero_or_final,128406689,seo_surpass_vs_hevy,app_store_outbound_clicked,Competitor comparison led by priority/block/proof; Hevy facts dated 2026-09-29
landing,/surpass-vs-fitbod,hero_or_final,128406689,seo_surpass_vs_fitbod,app_store_outbound_clicked,Competitor comparison led by priority/block/proof; Fitbod facts dated 2026-09-29
landing,/best-physique-tracker-apps,hero_or_final,128406689,seo_best_physique_tracker_apps,app_store_outbound_clicked,Physique app roundup (scores vs plans); facts dated 2026-09-29
landing,/bigger-arms,hero_or_final,128406689,seo_priority_bigger_arms,app_store_outbound_clicked,Matches onboarding choice "Bigger arms"; ad destination for arm terms
landing,/wider-shoulders,hero_or_final,128406689,seo_priority_wider_shoulders,app_store_outbound_clicked,Matches onboarding choice "Wider shoulders"
landing,/bigger-chest,hero_or_final,128406689,seo_priority_more_chest,app_store_outbound_clicked,Matches onboarding choice "More chest"
landing,/wider-back,hero_or_final,128406689,seo_priority_wider_back,app_store_outbound_clicked,Matches onboarding choice "Wider back"
landing,/whole-frame,hero_or_final,128406689,seo_priority_whole_frame,app_store_outbound_clicked,Matches onboarding choice "Better whole frame"
